fora,1.0,3.0,6.0,10.0,T01 sozinha
adobe_firefly,0.9324124444444445,0.9417576296296296,0.9411194074074073,0.942114962962963,0.9711348148148149
dalle2,0.9513185185185185,0.9578720000000001,0.9577244444444444,0.9574145185185184,0.9609540740740741
dalle3,0.9586512592592593,0.9567496296296296,0.9578891851851852,0.958119111111111,0.9795081481481481
flux,0.934389925925926,0.9512527407407407,0.9505202962962963,0.9503602962962961,0.9699555555555556
glide,0.9838322962962962,0.9894127407407407,0.9895105185185186,0.9894583703703704,0.9858207407407408
latent_diffusion,0.9919336888888889,0.9931134814814815,0.9955969580246913,0.9955119604938272,0.9897242469135802
stable_diffusion_1_3,0.9766933333333332,0.9723674074074073,0.9742151111111111,0.9742832592592592,0.9778637037037037
stable_diffusion_1_4,0.9798518518518519,0.966842074074074,0.9736758518518519,0.973626074074074,0.9730222222222222
stable_diffusion_2,0.9479780740740742,0.9650293333333334,0.9642891851851851,0.9638731851851852,0.9728651851851852
stable_diffusion_3,0.9162577777777777,0.929540148148148,0.9277114074074074,0.9277848888888889,0.9533303703703704
stable_diffusion_xl,0.9638536296296296,0.9708930370370371,0.9720059259259258,0.9719514074074074,0.9791585185185185
