fora,modelo,k,repeticao,auc,tpr5
adobe_firefly,T01,,0,0.9711348148148149,0.84
adobe_firefly,T02,,0,0.7623037037037037,0.26
adobe_firefly,T03,,0,0.6356044444444445,0.07333333333333333
adobe_firefly,T05,1.0,0,0.9264711111111112,0.8
adobe_firefly,T05,1.0,1,0.9351288888888889,0.8333333333333334
adobe_firefly,T05,1.0,2,0.9490103703703703,0.8133333333333334
adobe_firefly,T05,1.0,3,0.9156503703703703,0.8133333333333334
adobe_firefly,T05,1.0,4,0.9358014814814816,0.8066666666666666
adobe_firefly,T05,3.0,0,0.9437629629629629,0.8266666666666667
adobe_firefly,T05,3.0,1,0.9442074074074074,0.8133333333333334
adobe_firefly,T05,3.0,2,0.9457896296296296,0.82
adobe_firefly,T05,3.0,3,0.9346992592592592,0.82
adobe_firefly,T05,3.0,4,0.940328888888889,0.8266666666666667
adobe_firefly,T05,6.0,0,0.9417955555555555,0.8333333333333334
adobe_firefly,T05,6.0,1,0.9420651851851851,0.8266666666666667
adobe_firefly,T05,6.0,2,0.9405659259259259,0.8333333333333334
adobe_firefly,T05,6.0,3,0.9404237037037037,0.8266666666666667
adobe_firefly,T05,6.0,4,0.9407466666666666,0.8333333333333334
adobe_firefly,T05,10.0,0,0.9423051851851851,0.8333333333333334
adobe_firefly,T05,10.0,1,0.941277037037037,0.8266666666666667
adobe_firefly,T05,10.0,2,0.94248,0.8333333333333334
adobe_firefly,T05,10.0,3,0.941842962962963,0.8333333333333334
adobe_firefly,T05,10.0,4,0.9426696296296296,0.8333333333333334
dalle2,T01,,0,0.9609540740740741,0.8866666666666667
dalle2,T02,,0,0.6820533333333333,0.19333333333333333
dalle2,T03,,0,0.6795318518518518,0.09333333333333334
dalle2,T05,1.0,0,0.9480177777777777,0.8533333333333334
dalle2,T05,1.0,1,0.9482962962962963,0.86
dalle2,T05,1.0,2,0.9492711111111112,0.8866666666666667
dalle2,T05,1.0,3,0.9592325925925925,0.8866666666666667
dalle2,T05,1.0,4,0.9517748148148147,0.8866666666666667
dalle2,T05,3.0,0,0.9613303703703704,0.8866666666666667
dalle2,T05,3.0,1,0.9573007407407407,0.8866666666666667
dalle2,T05,3.0,2,0.957534814814815,0.8866666666666667
dalle2,T05,3.0,3,0.9603022222222222,0.88
dalle2,T05,3.0,4,0.952891851851852,0.8866666666666667
dalle2,T05,6.0,0,0.9582785185185185,0.8866666666666667
dalle2,T05,6.0,1,0.9573037037037037,0.88
dalle2,T05,6.0,2,0.9557451851851851,0.8866666666666667
dalle2,T05,6.0,3,0.9593866666666665,0.88
dalle2,T05,6.0,4,0.9579081481481482,0.88
dalle2,T05,10.0,0,0.9571585185185186,0.88
dalle2,T05,10.0,1,0.9574518518518519,0.88
dalle2,T05,10.0,2,0.9574577777777777,0.88
dalle2,T05,10.0,3,0.9576325925925926,0.88
dalle2,T05,10.0,4,0.9573718518518517,0.88
dalle3,T01,,0,0.9795081481481481,0.88
dalle3,T02,,0,0.5987525925925926,0.14666666666666667
dalle3,T03,,0,0.7198651851851853,0.08
dalle3,T05,1.0,0,0.9630814814814815,0.8733333333333333
dalle3,T05,1.0,1,0.9661688888888889,0.88
dalle3,T05,1.0,2,0.9523407407407407,0.8666666666666667
dalle3,T05,1.0,3,0.9559674074074074,0.7933333333333333
dalle3,T05,1.0,4,0.9556977777777779,0.8733333333333333
dalle3,T05,3.0,0,0.9569333333333333,0.86
dalle3,T05,3.0,1,0.9512859259259259,0.86
dalle3,T05,3.0,2,0.9620533333333333,0.8666666666666667
dalle3,T05,3.0,3,0.9539288888888889,0.8733333333333333
dalle3,T05,3.0,4,0.9595466666666665,0.88
dalle3,T05,6.0,0,0.9542251851851851,0.86
dalle3,T05,6.0,1,0.9581362962962963,0.84
dalle3,T05,6.0,2,0.9605007407407408,0.8733333333333333
dalle3,T05,6.0,3,0.9561748148148148,0.8533333333333334
dalle3,T05,6.0,4,0.9604088888888889,0.8533333333333334
dalle3,T05,10.0,0,0.9583792592592593,0.8666666666666667
dalle3,T05,10.0,1,0.9577511111111111,0.86
dalle3,T05,10.0,2,0.9577540740740741,0.86
dalle3,T05,10.0,3,0.9584059259259259,0.8533333333333334
dalle3,T05,10.0,4,0.9583051851851851,0.8666666666666667
flux,T01,,0,0.9699555555555556,0.84
flux,T02,,0,0.5700488888888888,0.09333333333333334
flux,T03,,0,0.8070325925925925,0.29333333333333333
flux,T05,1.0,0,0.9549274074074073,0.8333333333333334
flux,T05,1.0,1,0.9308681481481482,0.6933333333333334
flux,T05,1.0,2,0.94952,0.7533333333333333
flux,T05,1.0,3,0.8965659259259259,0.7533333333333333
flux,T05,1.0,4,0.9400681481481481,0.7466666666666667
flux,T05,3.0,0,0.9521511111111112,0.82
flux,T05,3.0,1,0.9505214814814814,0.8
flux,T05,3.0,2,0.9499022222222222,0.76
flux,T05,3.0,3,0.9525925925925925,0.82
flux,T05,3.0,4,0.9510962962962963,0.7933333333333333
flux,T05,6.0,0,0.948477037037037,0.7866666666666666
flux,T05,6.0,1,0.9508385185185185,0.8133333333333334
flux,T05,6.0,2,0.9531555555555556,0.82
flux,T05,6.0,3,0.9497451851851851,0.8066666666666666
flux,T05,6.0,4,0.9503851851851852,0.8133333333333334
flux,T05,10.0,0,0.9503407407407407,0.8133333333333334
flux,T05,10.0,1,0.9500918518518517,0.8066666666666666
flux,T05,10.0,2,0.9505037037037036,0.8133333333333334
flux,T05,10.0,3,0.950397037037037,0.8066666666666666
flux,T05,10.0,4,0.9504681481481482,0.8133333333333334
glide,T01,,0,0.9858207407407408,0.9133333333333333
glide,T02,,0,0.9459748148148148,0.76
glide,T03,,0,0.8504325925925926,0.36666666666666664
glide,T05,1.0,0,0.9679170370370369,0.9133333333333333
glide,T05,1.0,1,0.9875940740740741,0.96
glide,T05,1.0,2,0.9851614814814815,0.9266666666666666
glide,T05,1.0,3,0.9893748148148149,0.96
glide,T05,1.0,4,0.989114074074074,0.9266666666666666
glide,T05,3.0,0,0.9894992592592593,0.9466666666666667
glide,T05,3.0,1,0.9896503703703703,0.9466666666666667
glide,T05,3.0,2,0.9890933333333334,0.9466666666666667
glide,T05,3.0,3,0.9894014814814815,0.9466666666666667
glide,T05,3.0,4,0.9894192592592592,0.9466666666666667
glide,T05,6.0,0,0.9895733333333333,0.9466666666666667
glide,T05,6.0,1,0.9894637037037037,0.9466666666666667
glide,T05,6.0,2,0.9894340740740741,0.9466666666666667
glide,T05,6.0,3,0.9895733333333334,0.9466666666666667
glide,T05,6.0,4,0.9895081481481481,0.9466666666666667
glide,T05,10.0,0,0.9894755555555556,0.9466666666666667
glide,T05,10.0,1,0.9894311111111112,0.9466666666666667
glide,T05,10.0,2,0.989442962962963,0.9466666666666667
glide,T05,10.0,3,0.9894755555555554,0.9466666666666667
glide,T05,10.0,4,0.9894666666666667,0.9466666666666667
latent_diffusion,T01,,0,0.9897242469135802,0.9484444444444444
latent_diffusion,T02,,0,0.9973225185185185,0.9955555555555555
latent_diffusion,T03,,0,0.7929185679012345,0.3328888888888889
latent_diffusion,T05,1.0,0,0.9740065185185185,0.9464444444444444
latent_diffusion,T05,1.0,1,0.9955408395061729,0.982
latent_diffusion,T05,1.0,2,0.9969487407407408,0.9913333333333333
latent_diffusion,T05,1.0,3,0.9975719506172841,0.9986666666666667
latent_diffusion,T05,1.0,4,0.9956003950617284,0.9786666666666667
latent_diffusion,T05,3.0,0,0.9868972839506174,0.9602222222222222
latent_diffusion,T05,3.0,1,0.9938854320987655,0.9706666666666667
latent_diffusion,T05,3.0,2,0.9925503209876543,0.9662222222222222
latent_diffusion,T05,3.0,3,0.9957096296296295,0.9842222222222222
latent_diffusion,T05,3.0,4,0.9965247407407407,0.9917777777777778
latent_diffusion,T05,6.0,0,0.9954698271604936,0.9813333333333333
latent_diffusion,T05,6.0,1,0.9958058271604937,0.9862222222222222
latent_diffusion,T05,6.0,2,0.9954171851851852,0.9824444444444445
latent_diffusion,T05,6.0,3,0.9953678024691358,0.9828888888888889
latent_diffusion,T05,6.0,4,0.9959241481481481,0.986
latent_diffusion,T05,10.0,0,0.9955203950617283,0.9828888888888889
latent_diffusion,T05,10.0,1,0.9955173333333333,0.9828888888888889
latent_diffusion,T05,10.0,2,0.9956418765432098,0.984
latent_diffusion,T05,10.0,3,0.9954185679012345,0.9811111111111112
latent_diffusion,T05,10.0,4,0.9954616296296297,0.982
stable_diffusion_1_3,T01,,0,0.9778637037037037,0.86
stable_diffusion_1_3,T02,,0,0.9688118518518518,0.8333333333333334
stable_diffusion_1_3,T03,,0,0.6525659259259259,0.03333333333333333
stable_diffusion_1_3,T05,1.0,0,0.9860503703703704,0.9533333333333334
stable_diffusion_1_3,T05,1.0,1,0.9719555555555556,0.8933333333333333
stable_diffusion_1_3,T05,1.0,2,0.9758133333333333,0.9066666666666666
stable_diffusion_1_3,T05,1.0,3,0.9803525925925924,0.9066666666666666
stable_diffusion_1_3,T05,1.0,4,0.9692948148148148,0.8933333333333333
stable_diffusion_1_3,T05,3.0,0,0.9759970370370371,0.9066666666666666
stable_diffusion_1_3,T05,3.0,1,0.967611851851852,0.8933333333333333
stable_diffusion_1_3,T05,3.0,2,0.9734548148148149,0.8933333333333333
stable_diffusion_1_3,T05,3.0,3,0.9732948148148148,0.9
stable_diffusion_1_3,T05,3.0,4,0.9714785185185185,0.8933333333333333
stable_diffusion_1_3,T05,6.0,0,0.9760474074074074,0.9133333333333333
stable_diffusion_1_3,T05,6.0,1,0.9766281481481481,0.9133333333333333
stable_diffusion_1_3,T05,6.0,2,0.9750607407407408,0.9066666666666666
stable_diffusion_1_3,T05,6.0,3,0.9732237037037037,0.8866666666666667
stable_diffusion_1_3,T05,6.0,4,0.9701155555555555,0.8866666666666667
stable_diffusion_1_3,T05,10.0,0,0.9742577777777778,0.9
stable_diffusion_1_3,T05,10.0,1,0.9743496296296297,0.9
stable_diffusion_1_3,T05,10.0,2,0.9739644444444444,0.8866666666666667
stable_diffusion_1_3,T05,10.0,3,0.974231111111111,0.9
stable_diffusion_1_3,T05,10.0,4,0.9746133333333334,0.9066666666666666
stable_diffusion_1_4,T01,,0,0.9730222222222222,0.8266666666666667
stable_diffusion_1_4,T02,,0,0.9756711111111112,0.8666666666666667
stable_diffusion_1_4,T03,,0,0.626517037037037,0.05333333333333334
stable_diffusion_1_4,T05,1.0,0,0.9767644444444443,0.92
stable_diffusion_1_4,T05,1.0,1,0.9799318518518518,0.9533333333333334
stable_diffusion_1_4,T05,1.0,2,0.9818962962962963,0.96
stable_diffusion_1_4,T05,1.0,3,0.9692325925925925,0.8733333333333333
stable_diffusion_1_4,T05,1.0,4,0.991434074074074,0.9666666666666667
stable_diffusion_1_4,T05,3.0,0,0.9542962962962962,0.86
stable_diffusion_1_4,T05,3.0,1,0.9787792592592592,0.92
stable_diffusion_1_4,T05,3.0,2,0.973677037037037,0.8733333333333333
stable_diffusion_1_4,T05,3.0,3,0.9755733333333333,0.9133333333333333
stable_diffusion_1_4,T05,3.0,4,0.9518844444444443,0.86
stable_diffusion_1_4,T05,6.0,0,0.9760414814814815,0.9
stable_diffusion_1_4,T05,6.0,1,0.9752325925925925,0.9066666666666666
stable_diffusion_1_4,T05,6.0,2,0.9713066666666667,0.8733333333333333
stable_diffusion_1_4,T05,6.0,3,0.9729985185185185,0.9
stable_diffusion_1_4,T05,6.0,4,0.9727999999999999,0.9066666666666666
stable_diffusion_1_4,T05,10.0,0,0.9741718518518518,0.9
stable_diffusion_1_4,T05,10.0,1,0.9735851851851852,0.8933333333333333
stable_diffusion_1_4,T05,10.0,2,0.9731288888888889,0.9
stable_diffusion_1_4,T05,10.0,3,0.9730251851851851,0.8933333333333333
stable_diffusion_1_4,T05,10.0,4,0.9742192592592591,0.9
stable_diffusion_2,T01,,0,0.9728651851851852,0.8533333333333334
stable_diffusion_2,T02,,0,0.6833659259259259,0.28
stable_diffusion_2,T03,,0,0.8685614814814815,0.5466666666666666
stable_diffusion_2,T05,1.0,0,0.9644444444444445,0.8733333333333333
stable_diffusion_2,T05,1.0,1,0.9598785185185186,0.86
stable_diffusion_2,T05,1.0,2,0.9612207407407407,0.8733333333333333
stable_diffusion_2,T05,1.0,3,0.8907348148148148,0.4266666666666667
stable_diffusion_2,T05,1.0,4,0.9636118518518518,0.8666666666666667
stable_diffusion_2,T05,3.0,0,0.9665214814814815,0.8533333333333334
stable_diffusion_2,T05,3.0,1,0.9633925925925926,0.8666666666666667
stable_diffusion_2,T05,3.0,2,0.9637511111111111,0.88
stable_diffusion_2,T05,3.0,3,0.9670696296296296,0.8733333333333333
stable_diffusion_2,T05,3.0,4,0.9644118518518517,0.8666666666666667
stable_diffusion_2,T05,6.0,0,0.9652385185185184,0.8733333333333333
stable_diffusion_2,T05,6.0,1,0.9643437037037037,0.8733333333333333
stable_diffusion_2,T05,6.0,2,0.9643674074074075,0.8733333333333333
stable_diffusion_2,T05,6.0,3,0.9639140740740739,0.88
stable_diffusion_2,T05,6.0,4,0.9635822222222222,0.88
stable_diffusion_2,T05,10.0,0,0.9637274074074074,0.88
stable_diffusion_2,T05,10.0,1,0.9637629629629629,0.88
stable_diffusion_2,T05,10.0,2,0.9638607407407407,0.88
stable_diffusion_2,T05,10.0,3,0.9639555555555555,0.88
stable_diffusion_2,T05,10.0,4,0.9640592592592594,0.88
stable_diffusion_3,T01,,0,0.9533303703703704,0.8066666666666666
stable_diffusion_3,T02,,0,0.6133925925925926,0.09333333333333334
stable_diffusion_3,T03,,0,0.6005822222222222,0.05333333333333334
stable_diffusion_3,T05,1.0,0,0.9197037037037038,0.8066666666666666
stable_diffusion_3,T05,1.0,1,0.9157362962962963,0.7666666666666667
stable_diffusion_3,T05,1.0,2,0.90584,0.7666666666666667
stable_diffusion_3,T05,1.0,3,0.9190074074074074,0.76
stable_diffusion_3,T05,1.0,4,0.9210014814814813,0.7733333333333333
stable_diffusion_3,T05,3.0,0,0.9298488888888888,0.7866666666666666
stable_diffusion_3,T05,3.0,1,0.9351999999999999,0.7666666666666667
stable_diffusion_3,T05,3.0,2,0.9249955555555556,0.7666666666666667
stable_diffusion_3,T05,3.0,3,0.9298607407407408,0.76
stable_diffusion_3,T05,3.0,4,0.9277955555555556,0.7733333333333333
stable_diffusion_3,T05,6.0,0,0.9253214814814814,0.7733333333333333
stable_diffusion_3,T05,6.0,1,0.9281540740740741,0.78
stable_diffusion_3,T05,6.0,2,0.9280829629629629,0.7733333333333333
stable_diffusion_3,T05,6.0,3,0.9283022222222223,0.7733333333333333
stable_diffusion_3,T05,6.0,4,0.9286962962962964,0.7733333333333333
stable_diffusion_3,T05,10.0,0,0.9276059259259261,0.7733333333333333
stable_diffusion_3,T05,10.0,1,0.9278251851851851,0.7733333333333333
stable_diffusion_3,T05,10.0,2,0.9275466666666667,0.7733333333333333
stable_diffusion_3,T05,10.0,3,0.927911111111111,0.7733333333333333
stable_diffusion_3,T05,10.0,4,0.9280355555555555,0.7733333333333333
stable_diffusion_xl,T01,,0,0.9791585185185185,0.88
stable_diffusion_xl,T02,,0,0.8733570370370372,0.5133333333333333
stable_diffusion_xl,T03,,0,0.7318725925925926,0.18
stable_diffusion_xl,T05,1.0,0,0.932482962962963,0.82
stable_diffusion_xl,T05,1.0,1,0.9689777777777778,0.8733333333333333
stable_diffusion_xl,T05,1.0,2,0.9725718518518519,0.8866666666666667
stable_diffusion_xl,T05,1.0,3,0.972717037037037,0.8666666666666667
stable_diffusion_xl,T05,1.0,4,0.9725185185185186,0.88
stable_diffusion_xl,T05,3.0,0,0.9705303703703704,0.88
stable_diffusion_xl,T05,3.0,1,0.9712592592592593,0.8866666666666667
stable_diffusion_xl,T05,3.0,2,0.9679674074074074,0.8733333333333333
stable_diffusion_xl,T05,3.0,3,0.9697333333333333,0.8866666666666667
stable_diffusion_xl,T05,3.0,4,0.9749748148148148,0.9
stable_diffusion_xl,T05,6.0,0,0.9719466666666666,0.8933333333333333
stable_diffusion_xl,T05,6.0,1,0.9744118518518519,0.9
stable_diffusion_xl,T05,6.0,2,0.9713837037037037,0.8866666666666667
stable_diffusion_xl,T05,6.0,3,0.9710637037037037,0.8933333333333333
stable_diffusion_xl,T05,6.0,4,0.9712237037037037,0.8866666666666667
stable_diffusion_xl,T05,10.0,0,0.9721392592592593,0.8933333333333333
stable_diffusion_xl,T05,10.0,1,0.972237037037037,0.8933333333333333
stable_diffusion_xl,T05,10.0,2,0.9719881481481482,0.8933333333333333
stable_diffusion_xl,T05,10.0,3,0.9713125925925926,0.8933333333333333
stable_diffusion_xl,T05,10.0,4,0.9720799999999999,0.8933333333333333
