classe,pasta,arquivo,rotulo,largura,altura,modo,formato,t02_tam,t02_reduzida,T01,T02,T02_nativa,T03,T04,T05_quatro_fontes,T05_variante_B,erros
real,coco,coco_000000.jpg,0,640,480,RGB,JPEG,640x480,False,0.00011859725054819137,4.2192591515879604e-14,0.21072518825531006,0.514,0.1457295248498364,0.00010936970393705677,0.025718444120603243,
real,coco,coco_000001.jpg,0,640,480,RGB,JPEG,640x480,False,0.00033269557752646506,5.67922878863536e-13,1.241227606807449e-11,0.524,0.24156751041300595,9.647529178541613e-05,0.027213165826125256,
real,coco,coco_000002.jpg,0,640,480,RGB,JPEG,640x480,False,5.9563451941357926e-05,1.5846274001987152e-24,3.4269932811664683e-12,0.078,0.02249522755543391,4.725500274017189e-05,0.0022117071699208272,
fake,adobe_firefly,adobe_firefly_00000.png,1,2688,1536,RGB,JPEG,1536x878,True,0.00015071376401465386,3.402061347478752e-13,1.0,0.18,0.25799458629141253,4.157911220466564e-05,0.003943290893153455,
fake,adobe_firefly,adobe_firefly_00001.png,1,2688,1536,RGB,JPEG,1536x878,True,0.046846743673086166,3.899558820947985e-21,0.9999778270721436,0.274,0.11827603898776336,8.966616746385052e-05,0.008729207245634365,
fake,adobe_firefly,adobe_firefly_00002.png,1,2688,1536,RGB,JPEG,1536x878,True,0.9770197868347168,9.584387589711696e-05,0.9998326301574707,0.306,0.6972740317384402,0.02527226661326444,0.6764903468983883,
fake,dalle2,dalle2_00000.png,1,1024,1024,RGB,PNG,1024x1024,False,7.062525401124731e-05,1.4208369401440138e-22,0.9999953508377075,0.464,0.39063654698353883,6.609474187248336e-05,0.019477638055359875,
fake,dalle2,dalle2_00001.png,1,1024,1024,RGB,PNG,1024x1024,False,7.730313882348128e-06,0.01223041769117117,1.0,0.302,0.43836198420467554,4.6423281680880965e-05,0.008283942474620675,
fake,dalle2,dalle2_00002.png,1,1024,1024,RGB,PNG,1024x1024,False,0.03639228641986847,3.1325217211154765e-22,0.999990701675415,0.234,0.4557720124721527,4.460641285440783e-05,0.006567799525141889,
fake,dalle3,dalle3_00000.png,1,1024,1024,RGBA,PNG,1024x1024,False,0.9946025013923645,3.9390333014956935e-19,0.9990618824958801,0.59,0.4306340836143742,0.0802658200003038,0.9206083413553836,
fake,dalle3,dalle3_00001.png,1,1024,1024,RGBA,PNG,1024x1024,False,2.0775190989752446e-07,5.596840926233885e-15,1.0,0.576,0.11704774867871492,0.0001323953216885005,0.03616116788060281,
fake,dalle3,dalle3_00002.png,1,1024,1024,RGBA,PNG,1024x1024,False,0.002059830352663994,1.366815790671698e-17,1.0,0.43,0.2990018527052598,7.141430537230102e-05,0.01629180816424593,
fake,flux,flux_00000.png,1,1024,768,RGB,PNG,1024x768,False,0.601439356803894,0.0017914974596351385,0.32403630018234253,0.446,0.2602849006652832,0.005251105470678329,0.3556048181852413,
fake,flux,flux_00001.png,1,768,1024,RGB,PNG,768x1024,False,0.019226498901844025,4.887350041227383e-31,0.35379597544670105,0.496,0.7138092716534933,4.9047692706272815e-05,0.02587838624935799,
fake,flux,flux_00002.png,1,768,1024,RGB,PNG,768x1024,False,0.9999922513961792,0.9607018232345581,0.9999923706054688,0.456,0.24462814664002508,0.9972236498349855,0.997508924152916,
fake,gigagan,gigagan_00000.png,1,1024,1024,RGB,PNG,1024x1024,False,0.9129182696342468,0.5525506138801575,0.9999858140945435,0.192,0.4541108561679721,0.6879272481921026,0.8986741852105383,
fake,gigagan,gigagan_00001.png,1,1024,1024,RGB,PNG,1024x1024,False,0.06959107518196106,0.9999982118606567,0.9995614886283875,0.428,0.4773609771655174,0.3295323352070259,0.6724221319754122,
fake,gigagan,gigagan_00002.png,1,1024,1024,RGB,PNG,1024x1024,False,0.0,4.28798835784024e-16,0.009807677939534187,0.75,0.4108676388859749,0.00012596884311566762,0.09158512571806533,
fake,glide,glide_00000.png,1,256,256,RGB,PNG,256x256,False,1.0,0.8004264831542969,0.8004264831542969,0.758,0.18928615376353264,0.995031796672014,0.9990848277117452,
fake,glide,glide_00001.png,1,256,256,RGB,PNG,256x256,False,0.999906063079834,1.0,1.0,0.46,0.119538053309116,0.9983889328237124,0.9979534507773883,
fake,glide,glide_00002.png,1,256,256,RGB,PNG,256x256,False,2.665474085006281e-06,0.8890361189842224,0.8890361189842224,0.494,0.5559424161911011,0.10682207142308056,0.5510807834453982,
fake,latent_diffusion,latent_diffusion_000000.png,1,256,256,RGB,PNG,256x256,False,1.0,1.0,1.0,0.814,0.10406773422922318,0.999319874355429,0.9997257472908723,
fake,latent_diffusion,latent_diffusion_000001.png,1,256,256,RGB,PNG,256x256,False,0.9964720010757446,1.0,1.0,0.58,0.4571869373321533,0.9978894911284483,0.9989435234789833,
fake,latent_diffusion,latent_diffusion_000002.png,1,256,256,RGB,PNG,256x256,False,1.0,1.0,1.0,0.898,0.3831247517373413,0.99913581442249,0.999829805190698,
fake,midjourney_v5,midjourney_v5_00000.png,1,1344,896,RGB,PNG,1344x896,False,0.7239735722541809,9.797780647761977e-19,1.0,0.796,0.4489366092408697,0.020414137008145775,0.8891896920899514,
fake,midjourney_v5,midjourney_v5_00001.png,1,896,1360,RGB,PNG,896x1360,False,1.0954564459098037e-05,0.9997206330299377,1.0,0.484,0.11697279292760261,0.3775701819610635,0.654871481292856,
fake,midjourney_v5,midjourney_v5_00002.png,1,896,1360,RGB,PNG,896x1360,False,0.9972039461135864,0.02038652077317238,1.0,0.246,0.49414504567782086,0.040749835259479464,0.6460691336733555,
fake,midjourney_v6_1,midjourney_v6_1_00000.png,1,1024,1024,RGB,PNG,1024x1024,False,0.17199236154556274,0.07193567603826523,0.9901810884475708,0.332,0.26790404076988733,0.00036313506923519456,0.03319902021527048,
fake,midjourney_v6_1,midjourney_v6_1_00001.png,1,1024,1024,RGB,PNG,1024x1024,False,0.07535556703805923,1.0783181183373395e-35,0.25260400772094727,0.694,0.30817276626476087,0.00021949872538208016,0.10117864780349049,
fake,midjourney_v6_1,midjourney_v6_1_00002.png,1,1024,1024,RGB,PNG,1024x1024,False,0.9905125498771667,3.5691951627565235e-20,1.2079140105925035e-05,0.304,0.3636108140150706,0.045682824207053156,0.690531125870176,
fake,stable_diffusion_1_3,stable_diffusion_1_3_00000.png,1,512,512,RGB,PNG,512x512,False,0.2090425044298172,0.9999915361404419,1.0,0.35,0.37056478612636923,0.5615154430811463,0.7443592311914461,
fake,stable_diffusion_1_3,stable_diffusion_1_3_00001.png,1,512,512,RGB,PNG,512x512,False,0.00019695896480698138,1.0,1.0,0.49,0.19182134870770065,0.3544361861966193,0.6630483365990688,
fake,stable_diffusion_1_3,stable_diffusion_1_3_00002.png,1,512,512,RGB,PNG,512x512,False,0.0016235141083598137,1.0,1.0,0.26,0.16245432931464165,0.25196722610637245,0.3494109661130997,
fake,stable_diffusion_1_4,stable_diffusion_1_4_00000.png,1,512,512,RGB,PNG,512x512,False,0.00013571140880230814,0.39547044038772583,1.0,0.386,0.05709834381317099,0.002832890388476721,0.06895866918519189,
fake,stable_diffusion_1_4,stable_diffusion_1_4_00001.png,1,512,512,RGB,PNG,512x512,False,0.0008848558645695448,1.0,1.0,0.35,0.11711977282544049,0.308121259713661,0.47139834473766107,
fake,stable_diffusion_1_4,stable_diffusion_1_4_00002.png,1,512,512,RGB,PNG,512x512,False,4.1566563595552e-05,1.0,1.0,0.102,0.26405225317042397,0.16341081129984714,0.17825247668369495,
fake,stable_diffusion_2,stable_diffusion_2_00000.png,1,704,1408,RGB,PNG,704x1408,False,0.9268503189086914,0.932120680809021,1.0,0.838,0.1411728757302626,0.9979599356670951,0.9995096086200791,
fake,stable_diffusion_2,stable_diffusion_2_00001.png,1,704,1344,RGB,PNG,704x1344,False,0.9869763255119324,0.0007483145454898477,1.0,0.334,0.007452206245226319,0.08116227329247885,0.7223726304203658,
fake,stable_diffusion_2,stable_diffusion_2_00002.png,1,960,1024,RGB,PNG,960x1024,False,0.12843991816043854,0.032477445900440216,1.0,0.722,0.13284577287655944,0.000592738660200597,0.1709485876539514,
fake,stable_diffusion_3,stable_diffusion_3_00000.webp,1,1024,1024,RGB,WEBP,1024x1024,False,0.00012041080481139943,3.30146228311918e-32,9.90039188764058e-06,0.414,0.5452746910115517,4.6062017650405436e-05,0.014736391701239962,
fake,stable_diffusion_3,stable_diffusion_3_00001.webp,1,1024,1024,RGB,WEBP,1024x1024,False,6.519009730254766e-06,0.0,0.9368811249732971,0.524,0.17053680936805904,0.00010762383890632095,0.02716412264856699,
fake,stable_diffusion_3,stable_diffusion_3_00002.webp,1,1024,1024,RGB,WEBP,1024x1024,False,0.008448582142591476,1.715129571011832e-32,7.887744346568581e-10,0.43,0.12004066970742618,9.892953334093661e-05,0.01688420133482228,
fake,stable_diffusion_xl,stable_diffusion_xl_00000.png,1,704,1408,RGB,PNG,704x1408,False,0.003279472468420863,5.672777358967096e-09,0.9458926320075989,0.68,0.3881475602587064,0.00011317151589398315,0.06455742301255321,
fake,stable_diffusion_xl,stable_diffusion_xl_00001.png,1,704,1344,RGB,PNG,704x1344,False,0.0008357581100426614,0.9412556886672974,1.0,0.522,0.27533334982581437,0.23889615161753255,0.645903492707688,
fake,stable_diffusion_xl,stable_diffusion_xl_00002.png,1,960,1024,RGB,PNG,960x1024,False,0.27261680364608765,4.747746788780205e-05,1.0,0.722,0.21475861540723903,0.0010776705126969894,0.2883238566921622,
real,fodb,fodb_00000.png,0,256,256,RGB,PNG,256x256,False,0.9904442429542542,9.639597010391299e-06,9.639597010391299e-06,0.798,0.18767893966287374,0.16892570549374059,0.9736275615071117,
real,fodb,fodb_00001.png,0,256,256,RGB,PNG,256x256,False,0.9984540939331055,0.07084116339683533,0.07084116339683533,0.742,0.1797087024897337,0.26024489758665725,0.9746947403994932,
real,fodb,fodb_00002.png,0,256,256,RGB,PNG,256x256,False,0.6847625970840454,0.002001760993152857,0.002001760993152857,0.75,0.1751801553691621,0.02174785666529251,0.8330167132496141,
real,imagenet,imagenet_00000.png,0,256,256,RGB,PNG,256x256,False,0.6998494863510132,1.9021197061874773e-08,1.9021197061874773e-08,0.688,0.1751387006170262,0.02053457642498291,0.7911375306146292,
real,imagenet,imagenet_00001.png,0,256,256,RGB,PNG,256x256,False,0.9993016719818115,0.015145494602620602,0.015145494602620602,0.734,0.17514868237049086,0.17765629012958115,0.9665210544917151,
real,imagenet,imagenet_00002.png,0,256,256,RGB,PNG,256x256,False,0.8994196057319641,0.00013886646775063127,0.00013886646775063127,0.722,0.19802570715546608,0.08132382582240957,0.9346290628728219,
real,open_images,open_images_00000.png,0,256,256,RGB,PNG,256x256,False,0.9881575703620911,2.5353047021781094e-05,2.5353047021781094e-05,0.75,0.17520052284089616,0.15405259811410743,0.9652124452505538,
real,open_images,open_images_00001.png,0,256,256,RGB,PNG,256x256,False,0.9964731335639954,0.009791357442736626,0.009791357442736626,0.728,0.17514338361797854,0.1662296996082959,0.9640428900816093,
real,open_images,open_images_00002.png,0,256,256,RGB,PNG,256x256,False,0.06712421029806137,0.002033915603533387,0.002033915603533387,0.76,0.1760673159151338,0.00030346752766688965,0.13622632009743954,
real,raise,raise_00000.png,0,256,256,RGB,PNG,256x256,False,0.9998242259025574,2.3458462692360627e-06,2.3458462692360627e-06,0.77,0.17538788096862845,0.17153845608997317,0.970771007340887,
real,raise,raise_00001.png,0,256,256,RGB,PNG,256x256,False,0.10893487930297852,0.1116621121764183,0.1116621121764183,0.75,0.17684860329609364,0.0010225898020488774,0.23530904361201516,
real,raise,raise_00002.png,0,256,256,RGB,PNG,256x256,False,0.7708500623703003,2.6633566463374336e-08,2.6633566463374336e-08,0.706,0.1959302667528391,0.03360895495960555,0.8626734140044013,
