condicao,T02_sozinha,T05_so_limpa,T05_agrupada,T05_oraculo
clean,0.9997919966719467,1.0,1.0,1.0
jpeg_q85,0.9799036784588553,0.9534712555400886,0.9524792396678347,0.9552792844685514
jpeg_q70,0.9376630026080417,0.9094705515288244,0.9066065057040913,0.9127026032416519
jpeg_q50,0.8891102257636122,0.825101201619226,0.8152610441767068,0.8725259604153667
noise_sigma1,0.999663994623914,0.9983839741435863,0.9985279764476231,0.9989279828477255
noise_sigma3,0.9969759516152259,0.9863837821405143,0.9901438423014768,0.9930878894062305
noise_sigma5,0.9943999103985665,0.9680794892718283,0.9752956047296757,0.9852477639642234
resize_85,0.9931598905582489,0.9971359541752668,0.9967839485431766,0.9973599577593242
resize_70,0.9845757532120513,0.9884798156770507,0.9866397862365798,0.9863997823965184
resize_50,0.8607897726363621,0.7881726107617721,0.7842365477847646,0.7846685546968752
