modelo,auc_ajuste,auc_aval,auc_aval_min,auc_aval_max,excesso
sem_T03__logistica,0.9948425460636516,0.8470053014903566,0.8470053014903566,0.8470053014903566,0.14783724457329506
sem_T03__rf_200,0.9999996649916248,0.8310904223000544,0.8227895836344318,0.8351472943799982,0.16890924269157048
sem_T03__rf_200_prof3,0.9970095477386934,0.8473723120744026,0.8451709676112711,0.8492920320893682,0.14963723566429088
sem_T03__extra_200,1.0,0.8250523342112827,0.8235099130607353,0.8272709176858474,0.17494766578871734
sem_T03__boosting,0.9996549413735345,0.8353130872918346,0.8352863988813637,0.8353303203112586,0.16434185408169988
com_T03__logistica,0.9952110552763818,0.8297124218911596,0.8297124218911596,0.8297124218911596,0.1654986333852222
com_T03__rf_200,1.0,0.835013426894967,0.8321577310225268,0.836537770152746,0.16498657310503295
com_T03__rf_200_prof3,0.997422445561139,0.8387791172715362,0.8365284226178706,0.8404320670299742,0.15864332828960281
com_T03__extra_200,1.0,0.8331743233762913,0.8312211200120415,0.8361359459932991,0.16682567662370873
com_T03__boosting,0.9999966499162479,0.8379928457802951,0.837971538194387,0.8380367012980849,0.16200380413595283
