arquivo,split,label,escore_t04,par_vazio
glide_00000,fusion,1,0.14893684,0
glide_00001,fusion,1,0.35025713,1
glide_00002,fusion,1,0.32638922,0
glide_00003,fusion,1,0.35025713,1
glide_00004,fusion,1,0.35025713,1
glide_00005,fusion,1,0.35025713,1
glide_00006,fusion,1,0.35025713,1
glide_00007,fusion,1,0.35025713,1
glide_00008,fusion,1,0.35025713,1
glide_00009,fusion,1,0.35025713,1
glide_00010,fusion,1,0.35025713,1
glide_00011,fusion,1,0.35025713,1
glide_00012,fusion,1,0.35025713,1
glide_00013,fusion,1,0.5295358,0
glide_00014,fusion,1,0.35025713,1
glide_00015,fusion,1,0.35025713,1
glide_00016,fusion,1,0.35025713,1
glide_00017,fusion,1,0.17184718,0
glide_00018,fusion,1,0.38855606,0
glide_00019,fusion,1,0.35025713,1
glide_00020,fusion,1,0.35025713,1
glide_00021,fusion,1,0.35025713,1
glide_00022,fusion,1,0.008575928,1
glide_00023,fusion,1,0.35025713,1
glide_00024,fusion,1,0.15379065,0
glide_00025,fusion,1,0.06515787,0
glide_00026,fusion,1,0.55557704,0
glide_00027,fusion,1,0.35025713,1
glide_00028,fusion,1,0.35025713,1
glide_00029,fusion,1,0.09637441,0
glide_00030,fusion,1,0.35025713,1
glide_00031,fusion,1,0.35025713,1
glide_00032,fusion,1,0.2680961,0
glide_00033,fusion,1,0.13261887,0
glide_00034,fusion,1,0.060161654,0
glide_00035,fusion,1,0.35025713,1
glide_00036,fusion,1,0.20000911,0
glide_00037,fusion,1,0.30649167,0
glide_00038,fusion,1,0.0019741897,0
glide_00039,fusion,1,0.08798152,0
glide_00040,fusion,1,0.35025713,1
glide_00041,fusion,1,0.28780356,0
glide_00042,fusion,1,0.35025713,1
glide_00043,fusion,1,0.020641634,0
glide_00044,fusion,1,0.95469904,0
glide_00045,fusion,1,0.23255813,0
glide_00046,fusion,1,0.35025713,1
glide_00047,fusion,1,0.04672266,0
glide_00048,fusion,1,0.35025713,1
glide_00049,fusion,1,0.029948892,0
glide_00050,fusion,1,0.35025713,1
glide_00051,fusion,1,0.35025713,1
glide_00052,fusion,1,0.13075435,0
glide_00053,fusion,1,0.35025713,1
glide_00054,fusion,1,0.4560217,0
glide_00055,fusion,1,0.35025713,1
glide_00056,fusion,1,0.35025713,1
glide_00057,fusion,1,0.35025713,1
glide_00058,fusion,1,0.13466147,0
glide_00059,fusion,1,0.35025713,1
glide_00060,fusion,1,0.26779747,0
glide_00061,fusion,1,0.40410736,0
glide_00062,fusion,1,0.35025713,1
glide_00063,fusion,1,0.26211107,0
glide_00064,fusion,1,0.973988,0
glide_00065,fusion,1,0.47320613,0
glide_00066,fusion,1,0.35025713,1
glide_00067,fusion,1,0.35025713,1
glide_00068,fusion,1,0.0651897,0
glide_00069,fusion,1,0.23068659,0
glide_00070,fusion,1,0.35025713,1
glide_00071,fusion,1,0.35025713,1
glide_00072,fusion,1,0.35025713,1
glide_00073,fusion,1,0.07945538,0
glide_00074,fusion,1,0.35025713,1
glide_00075,fusion,1,0.35025713,1
glide_00076,fusion,1,0.35025713,1
glide_00077,fusion,1,0.35025713,1
glide_00078,fusion,1,0.35025713,1
glide_00079,fusion,1,0.35025713,1
glide_00080,fusion,1,0.65719664,0
glide_00081,fusion,1,0.35025713,1
glide_00082,fusion,1,0.35025713,1
glide_00083,fusion,1,0.35025713,1
glide_00084,fusion,1,0.35025713,1
glide_00085,fusion,1,0.35025713,1
glide_00086,fusion,1,0.35025713,1
glide_00087,fusion,1,0.35025713,1
glide_00088,fusion,1,0.050453838,0
glide_00089,fusion,1,0.64336413,0
glide_00090,fusion,1,0.35025713,1
glide_00091,fusion,1,0.35025713,1
glide_00092,fusion,1,0.29321906,0
glide_00093,fusion,1,0.3416,0
glide_00094,fusion,1,0.9885361,0
glide_00095,fusion,1,0.35025713,1
glide_00096,fusion,1,0.050035335,0
glide_00097,fusion,1,0.35025713,1
glide_00098,fusion,1,0.12214469,0
glide_00099,fusion,1,0.35025713,1
glide_00100,fusion,1,0.35025713,1
glide_00101,fusion,1,0.35025713,1
glide_00102,fusion,1,0.35025713,1
glide_00103,fusion,1,0.35025713,1
glide_00104,fusion,1,0.93984085,0
glide_00105,fusion,1,0.35025713,1
glide_00106,fusion,1,0.86661214,0
glide_00107,fusion,1,0.35025713,1
glide_00108,fusion,1,0.2635188,0
glide_00109,fusion,1,0.35025713,1
glide_00110,fusion,1,0.35025713,1
glide_00111,fusion,1,0.35025713,1
glide_00112,fusion,1,0.78672,0
glide_00113,fusion,1,0.35025713,1
glide_00114,fusion,1,0.23077123,0
glide_00115,fusion,1,0.35025713,1
glide_00116,fusion,1,0.35025713,1
glide_00117,fusion,1,0.35025713,1
glide_00118,fusion,1,0.35025713,1
glide_00119,fusion,1,0.35025713,1
glide_00120,fusion,1,0.35025713,1
glide_00121,fusion,1,0.35025713,1
glide_00122,fusion,1,0.35025713,1
glide_00123,fusion,1,0.0012867588,0
glide_00124,fusion,1,0.35025713,1
glide_00125,fusion,1,0.35025713,1
glide_00126,fusion,1,0.35025713,1
glide_00127,fusion,1,0.35025713,1
glide_00128,fusion,1,0.35025713,1
glide_00129,fusion,1,0.35025713,1
glide_00130,fusion,1,0.35025713,1
glide_00131,fusion,1,0.35025713,1
glide_00132,fusion,1,0.019949138,0
glide_00133,fusion,1,0.35025713,1
glide_00134,fusion,1,0.35025713,1
glide_00135,fusion,1,0.17461792,0
glide_00136,fusion,1,0.35025713,1
glide_00137,fusion,1,0.42497447,0
glide_00138,fusion,1,0.4236545,0
glide_00139,fusion,1,0.35025713,1
glide_00140,fusion,1,0.27728197,0
glide_00141,fusion,1,0.35025713,1
glide_00142,fusion,1,0.35025713,1
glide_00143,fusion,1,0.35025713,1
glide_00144,fusion,1,0.35025713,1
glide_00145,fusion,1,0.35025713,1
glide_00146,fusion,1,0.35025713,1
glide_00147,fusion,1,0.35025713,1
glide_00148,fusion,1,0.6348496,0
glide_00149,fusion,1,0.35025713,1
glide_00150,fusion,1,0.35025713,1
glide_00151,fusion,1,0.35025713,1
glide_00152,fusion,1,0.35025713,1
glide_00153,fusion,1,0.35025713,1
glide_00154,fusion,1,0.35025713,1
glide_00155,fusion,1,0.35025713,1
glide_00156,fusion,1,0.35025713,1
glide_00157,fusion,1,0.47762558,0
glide_00158,fusion,1,0.48004946,0
glide_00159,fusion,1,0.35025713,1
glide_00160,fusion,1,0.35025713,1
glide_00161,fusion,1,0.27889767,0
glide_00162,fusion,1,0.29284012,0
glide_00163,fusion,1,0.35025713,1
glide_00164,fusion,1,0.28237486,1
glide_00165,fusion,1,0.56620526,0
glide_00166,fusion,1,0.35025713,1
glide_00167,fusion,1,0.35025713,1
glide_00168,fusion,1,0.35025713,1
glide_00169,fusion,1,0.52362555,0
glide_00170,fusion,1,0.18604699,0
glide_00171,fusion,1,0.35025713,1
glide_00172,fusion,1,0.35025713,1
glide_00173,fusion,1,0.43487802,0
glide_00174,fusion,1,0.35025713,1
glide_00175,fusion,1,0.35025713,1
glide_00176,fusion,1,0.35025713,1
glide_00177,fusion,1,0.35025713,1
glide_00178,fusion,1,0.35025713,1
glide_00179,fusion,1,0.28688934,0
glide_00180,fusion,1,0.35025713,1
glide_00181,fusion,1,0.35025713,1
glide_00182,fusion,1,0.052384038,0
glide_00183,fusion,1,0.35025713,1
glide_00184,fusion,1,0.22726332,0
glide_00185,fusion,1,0.35025713,1
glide_00186,fusion,1,0.35025713,1
glide_00187,fusion,1,0.35025713,1
glide_00188,fusion,1,0.35025713,1
glide_00189,fusion,1,0.35025713,1
glide_00190,fusion,1,0.35025713,1
glide_00191,fusion,1,0.66013044,0
glide_00192,fusion,1,0.3815532,0
glide_00193,fusion,1,0.35025713,1
glide_00194,fusion,1,0.16544683,0
glide_00195,fusion,1,0.35025713,1
glide_00196,fusion,1,0.35025713,1
glide_00197,fusion,1,0.4751226,0
glide_00198,fusion,1,0.35025713,1
glide_00199,fusion,1,0.35025713,1
glide_00200,fusion,1,0.101706184,0
glide_00201,fusion,1,0.012536382,0
glide_00202,fusion,1,0.1064198,0
glide_00203,fusion,1,0.06658904,0
glide_00204,fusion,1,0.5158457,0
glide_00205,fusion,1,0.35025713,1
glide_00206,fusion,1,0.35025713,1
glide_00207,fusion,1,0.35025713,1
glide_00208,fusion,1,0.35025713,1
glide_00209,fusion,1,0.35025713,1
glide_00210,fusion,1,0.35025713,1
glide_00211,fusion,1,0.8954392,0
glide_00212,fusion,1,0.1902115,0
glide_00213,fusion,1,0.29449216,0
glide_00214,fusion,1,0.35025713,1
glide_00215,fusion,1,0.35025713,1
glide_00216,fusion,1,0.35025713,1
glide_00217,fusion,1,0.35066375,0
glide_00218,fusion,1,0.35025713,1
glide_00219,fusion,1,0.35025713,1
glide_00220,fusion,1,0.35025713,1
glide_00221,fusion,1,0.05085849,0
glide_00222,fusion,1,0.35025713,1
glide_00223,fusion,1,0.083042905,1
glide_00224,fusion,1,0.35025713,1
glide_00225,fusion,1,0.09382659,0
glide_00226,fusion,1,0.35025713,1
glide_00227,fusion,1,0.24606624,0
glide_00228,fusion,1,0.35025713,1
glide_00229,fusion,1,0.35025713,1
glide_00230,fusion,1,0.35025713,1
glide_00231,fusion,1,0.35025713,1
glide_00232,fusion,1,0.35025713,1
glide_00233,fusion,1,0.35025713,1
glide_00234,fusion,1,0.35025713,1
glide_00235,fusion,1,0.35025713,1
glide_00236,fusion,1,0.35025713,1
glide_00237,fusion,1,0.35025713,1
glide_00238,fusion,1,0.35025713,1
glide_00239,fusion,1,0.35025713,1
glide_00240,fusion,1,0.35025713,1
glide_00241,fusion,1,0.35025713,1
glide_00242,fusion,1,0.00073665485,0
glide_00243,fusion,1,0.35025713,1
glide_00244,fusion,1,0.35025713,1
glide_00245,fusion,1,0.35025713,1
glide_00246,fusion,1,0.35025713,1
glide_00247,fusion,1,0.35025713,1
glide_00248,fusion,1,0.35025713,1
glide_00249,fusion,1,0.35025713,1
glide_00250,fusion,1,0.09019788,0
glide_00251,fusion,1,0.35025713,1
glide_00252,fusion,1,0.35025713,1
glide_00253,fusion,1,0.6521711,0
glide_00254,fusion,1,0.35025713,1
glide_00255,fusion,1,0.35025713,1
glide_00256,fusion,1,0.35025713,1
glide_00257,fusion,1,0.35025713,1
glide_00258,fusion,1,0.35025713,1
glide_00259,fusion,1,0.35025713,1
glide_00260,fusion,1,0.20127639,0
glide_00261,fusion,1,0.35025713,1
glide_00262,fusion,1,0.62825793,0
glide_00263,fusion,1,0.35025713,1
glide_00264,fusion,1,0.35025713,1
glide_00265,fusion,1,0.35025713,1
glide_00266,fusion,1,0.35025713,1
glide_00267,fusion,1,0.35025713,1
glide_00268,fusion,1,0.35025713,1
glide_00269,fusion,1,0.35025713,1
glide_00270,fusion,1,0.35025713,1
glide_00271,fusion,1,0.35025713,1
glide_00272,fusion,1,0.35025713,1
glide_00273,fusion,1,0.11249369,0
glide_00274,fusion,1,0.35025713,1
glide_00275,fusion,1,0.35025713,1
glide_00276,fusion,1,0.35025713,1
glide_00277,fusion,1,0.103184685,0
glide_00278,fusion,1,0.35025713,1
glide_00279,fusion,1,0.35025713,1
glide_00280,fusion,1,0.35025713,1
glide_00281,fusion,1,0.05807026,0
glide_00282,fusion,1,0.35025713,1
glide_00283,fusion,1,0.35025713,1
glide_00284,fusion,1,0.0399226,0
glide_00285,fusion,1,0.35025713,1
glide_00286,fusion,1,0.35025713,1
glide_00287,fusion,1,0.35025713,1
glide_00288,fusion,1,0.35025713,1
glide_00289,fusion,1,0.748244,0
glide_00290,fusion,1,0.35025713,1
glide_00291,fusion,1,0.35025713,1
glide_00292,fusion,1,0.20719752,0
glide_00293,fusion,1,0.13724445,0
glide_00294,fusion,1,0.35025713,1
glide_00295,fusion,1,0.35025713,1
glide_00296,fusion,1,0.17907703,0
glide_00297,fusion,1,0.35025713,1
glide_00298,fusion,1,0.35025713,1
glide_00299,fusion,1,0.35025713,1
glide_00300,fusion,1,0.35025713,1
glide_00301,fusion,1,0.35025713,1
glide_00302,fusion,1,0.35025713,1
glide_00303,fusion,1,0.28040415,0
glide_00304,fusion,1,0.35025713,1
glide_00305,fusion,1,0.35025713,1
glide_00306,fusion,1,0.35025713,1
glide_00307,fusion,1,0.35025713,1
glide_00308,fusion,1,0.057918914,0
glide_00309,fusion,1,0.16269572,0
glide_00310,fusion,1,0.35025713,1
glide_00311,fusion,1,0.49895608,0
glide_00312,fusion,1,0.35025713,1
glide_00313,fusion,1,0.035568606,0
glide_00314,fusion,1,0.35025713,1
glide_00315,fusion,1,0.35025713,1
glide_00316,fusion,1,0.44126844,0
glide_00317,fusion,1,0.35025713,1
glide_00318,fusion,1,0.3575179,0
glide_00319,fusion,1,0.0005457966,0
glide_00320,fusion,1,0.0083041275,0
glide_00321,fusion,1,0.004722653,0
glide_00322,fusion,1,0.0007182379,0
glide_00323,fusion,1,0.32265526,0
glide_00324,fusion,1,0.12527154,0
glide_00325,fusion,1,0.35025713,1
glide_00326,fusion,1,0.35025713,1
glide_00327,fusion,1,0.016145378,0
glide_00328,fusion,1,0.8706644,0
glide_00329,fusion,1,0.35025713,1
glide_00330,fusion,1,0.21034223,0
glide_00331,fusion,1,0.35025713,1
glide_00332,fusion,1,0.30291638,0
glide_00333,fusion,1,0.35025713,1
glide_00334,fusion,1,0.35025713,1
glide_00335,fusion,1,0.35025713,1
glide_00336,fusion,1,0.35025713,1
glide_00337,fusion,1,0.35025713,1
glide_00338,fusion,1,0.05980716,0
glide_00339,fusion,1,0.16522937,0
glide_00340,fusion,1,0.35025713,1
glide_00341,fusion,1,0.35025713,1
glide_00342,fusion,1,0.35025713,1
glide_00343,fusion,1,0.35025713,1
glide_00344,fusion,1,0.7733249,0
glide_00345,fusion,1,0.74991906,0
glide_00346,fusion,1,0.115427405,0
glide_00347,fusion,1,0.14150922,0
glide_00348,fusion,1,0.35025713,1
glide_00349,fusion,1,0.0558173,0
glide_00350,fusion,1,0.35025713,1
glide_00351,fusion,1,0.35025713,1
glide_00352,fusion,1,0.35025713,1
glide_00353,fusion,1,0.35025713,1
glide_00354,fusion,1,0.35025713,1
glide_00355,fusion,1,0.35025713,1
glide_00356,fusion,1,0.35025713,1
glide_00357,fusion,1,0.26283574,0
glide_00358,fusion,1,0.35025713,1
glide_00359,fusion,1,0.35025713,1
glide_00360,fusion,1,0.35025713,1
glide_00361,fusion,1,0.35025713,1
glide_00362,fusion,1,0.34940538,0
glide_00363,fusion,1,0.35025713,1
glide_00364,fusion,1,0.09314065,0
glide_00365,fusion,1,0.53489095,1
glide_00366,fusion,1,0.35025713,1
glide_00367,fusion,1,0.35025713,1
glide_00368,fusion,1,0.12180966,0
glide_00369,fusion,1,0.35025713,1
glide_00370,fusion,1,0.35025713,1
glide_00371,fusion,1,0.35025713,1
glide_00372,fusion,1,0.35025713,1
glide_00373,fusion,1,0.51783997,0
glide_00374,fusion,1,0.35025713,1
glide_00375,fusion,1,0.35025713,1
glide_00376,fusion,1,0.35025713,1
glide_00377,fusion,1,0.35025713,1
glide_00378,fusion,1,0.09009459,0
glide_00379,fusion,1,0.35025713,1
glide_00380,fusion,1,0.22989224,0
glide_00381,fusion,1,0.35025713,1
glide_00382,fusion,1,0.45159227,0
glide_00383,fusion,1,0.35025713,1
glide_00384,fusion,1,0.35025713,1
glide_00385,fusion,1,0.35025713,1
glide_00386,fusion,1,0.35025713,1
glide_00387,fusion,1,0.35025713,1
glide_00388,fusion,1,0.081049666,0
glide_00389,fusion,1,0.23394443,0
glide_00390,fusion,1,0.35025713,1
glide_00391,fusion,1,0.19487053,0
glide_00392,fusion,1,0.9167659,0
glide_00393,fusion,1,0.35025713,1
glide_00394,fusion,1,0.23667696,0
glide_00395,fusion,1,0.061940763,0
glide_00396,fusion,1,0.11129765,0
glide_00397,fusion,1,0.03586978,0
glide_00398,fusion,1,0.35025713,1
glide_00399,fusion,1,0.0014092213,0
glide_00400,fusion,1,0.03963625,0
glide_00401,fusion,1,0.35025713,1
glide_00402,fusion,1,0.072959624,0
glide_00403,fusion,1,0.35025713,1
glide_00404,fusion,1,0.6658328,0
glide_00405,fusion,1,0.07332538,0
glide_00406,fusion,1,0.35220656,0
glide_00407,fusion,1,0.35025713,1
glide_00408,fusion,1,0.35025713,1
glide_00409,fusion,1,0.17934616,1
glide_00410,fusion,1,0.35025713,1
glide_00411,fusion,1,0.35025713,1
glide_00412,fusion,1,0.050970323,0
glide_00413,fusion,1,0.35025713,1
glide_00414,fusion,1,0.35025713,1
glide_00415,fusion,1,0.35025713,1
glide_00416,fusion,1,0.35025713,1
glide_00417,fusion,1,0.35025713,1
glide_00418,fusion,1,0.35025713,1
glide_00419,fusion,1,0.35025713,1
glide_00420,fusion,1,0.24375173,0
glide_00421,fusion,1,0.35025713,1
glide_00422,fusion,1,0.35025713,1
glide_00423,fusion,1,0.35025713,1
glide_00424,fusion,1,0.35025713,1
glide_00425,fusion,1,0.35025713,1
glide_00426,fusion,1,0.10547276,0
glide_00427,fusion,1,0.35025713,1
glide_00428,fusion,1,0.35025713,1
glide_00429,fusion,1,0.1978926,0
glide_00430,fusion,1,0.35025713,1
glide_00431,fusion,1,0.35025713,1
glide_00432,fusion,1,0.32159114,0
glide_00433,fusion,1,0.35025713,1
glide_00434,fusion,1,0.35025713,1
glide_00435,fusion,1,0.35025713,1
glide_00436,fusion,1,0.98791087,0
glide_00437,fusion,1,0.00018350773,0
glide_00438,fusion,1,0.35025713,1
glide_00439,fusion,1,0.35025713,1
glide_00440,fusion,1,0.35025713,1
glide_00441,fusion,1,0.35025713,1
glide_00442,fusion,1,0.35025713,1
glide_00443,fusion,1,0.35025713,1
glide_00444,fusion,1,0.35025713,1
glide_00445,fusion,1,0.35025713,1
glide_00446,fusion,1,0.35025713,1
glide_00447,fusion,1,0.35025713,1
glide_00448,fusion,1,0.35025713,1
glide_00449,fusion,1,0.14743596,0
glide_00450,fusion,1,0.46541205,0
glide_00451,fusion,1,0.35025713,1
glide_00452,fusion,1,0.35025713,1
glide_00453,fusion,1,0.035389,0
glide_00454,fusion,1,0.35025713,1
glide_00455,fusion,1,0.35025713,1
glide_00456,fusion,1,0.35025713,1
glide_00457,fusion,1,0.012856362,0
glide_00458,fusion,1,0.30312878,1
glide_00459,fusion,1,0.35025713,1
glide_00460,fusion,1,0.039033014,0
glide_00461,fusion,1,0.21147394,0
glide_00462,fusion,1,0.4394177,0
glide_00463,fusion,1,0.27675965,0
glide_00464,fusion,1,0.35025713,1
glide_00465,fusion,1,0.35025713,1
glide_00466,fusion,1,0.35025713,1
glide_00467,fusion,1,0.35025713,1
glide_00468,fusion,1,0.35025713,1
glide_00469,fusion,1,0.02108077,0
glide_00470,fusion,1,0.35025713,1
glide_00471,fusion,1,0.03124219,0
glide_00472,fusion,1,0.35025713,1
glide_00473,fusion,1,0.06310165,0
glide_00474,fusion,1,0.38368207,0
glide_00475,fusion,1,0.014344816,0
glide_00476,fusion,1,0.35025713,1
glide_00477,fusion,1,0.4011251,0
glide_00478,fusion,1,0.35025713,1
glide_00479,fusion,1,0.01412189,1
glide_00480,fusion,1,0.35025713,1
glide_00481,fusion,1,0.35025713,1
glide_00482,fusion,1,0.7642632,0
glide_00483,fusion,1,0.09821692,0
glide_00484,fusion,1,0.35025713,1
glide_00485,fusion,1,0.18337213,0
glide_00486,fusion,1,0.12898809,0
glide_00487,fusion,1,0.35025713,1
glide_00488,fusion,1,0.35025713,1
glide_00489,fusion,1,0.35025713,1
glide_00490,fusion,1,0.35025713,1
glide_00491,fusion,1,0.4207761,0
glide_00492,fusion,1,0.21966738,0
glide_00493,fusion,1,0.35025713,1
glide_00494,fusion,1,0.35025713,1
glide_00495,fusion,1,0.97556335,0
glide_00496,fusion,1,0.35025713,1
glide_00497,fusion,1,0.045665868,0
glide_00498,fusion,1,0.1264797,0
glide_00499,fusion,1,0.35025713,1
glide_00500,fusion,1,0.35025713,1
glide_00501,fusion,1,0.35025713,1
glide_00502,fusion,1,0.35025713,1
glide_00503,fusion,1,0.35025713,1
glide_00504,fusion,1,0.6305761,0
glide_00505,fusion,1,0.0482561,0
glide_00506,fusion,1,0.35025713,1
glide_00507,fusion,1,0.35025713,1
glide_00508,fusion,1,0.35025713,1
glide_00509,fusion,1,0.2939558,0
glide_00510,fusion,1,0.35025713,1
glide_00511,fusion,1,0.04114609,0
glide_00512,fusion,1,0.35025713,1
glide_00513,fusion,1,0.35025713,1
glide_00514,fusion,1,0.5457276,0
glide_00515,fusion,1,0.13274917,0
glide_00516,fusion,1,0.35025713,1
glide_00517,fusion,1,0.35025713,1
glide_00518,fusion,1,0.15801524,0
glide_00519,fusion,1,0.21543951,0
glide_00520,fusion,1,0.35025713,1
glide_00521,fusion,1,0.35025713,1
glide_00522,fusion,1,0.10493449,0
glide_00523,fusion,1,0.8621317,0
glide_00524,fusion,1,0.35025713,1
glide_00525,fusion,1,0.23263304,1
glide_00526,fusion,1,0.35025713,1
glide_00527,fusion,1,0.35025713,1
glide_00528,fusion,1,0.03288885,0
glide_00529,fusion,1,0.35025713,1
glide_00530,fusion,1,0.35025713,1
glide_00531,fusion,1,0.35025713,1
glide_00532,fusion,1,0.35025713,1
glide_00533,fusion,1,0.70274055,0
glide_00534,fusion,1,0.35025713,1
glide_00535,fusion,1,0.35025713,1
glide_00536,fusion,1,0.35025713,1
glide_00537,fusion,1,0.35025713,1
glide_00538,fusion,1,0.35025713,1
glide_00539,fusion,1,0.35025713,1
glide_00540,fusion,1,0.35025713,1
glide_00541,fusion,1,0.22451277,0
glide_00542,fusion,1,0.9887438,0
glide_00543,fusion,1,0.009591023,0
glide_00544,fusion,1,0.032808274,0
glide_00545,fusion,1,0.35025713,1
glide_00546,fusion,1,0.35025713,1
glide_00547,fusion,1,0.036561146,0
glide_00548,fusion,1,0.1340222,0
glide_00549,fusion,1,0.14750122,0
glide_00550,fusion,1,0.7673943,0
glide_00551,fusion,1,0.35025713,1
glide_00552,fusion,1,0.35025713,1
glide_00553,fusion,1,0.35025713,1
glide_00554,fusion,1,0.35025713,1
glide_00555,fusion,1,0.35025713,1
glide_00556,fusion,1,0.35025713,1
glide_00557,fusion,1,0.35025713,1
glide_00558,fusion,1,0.35025713,1
glide_00559,fusion,1,0.35025713,1
glide_00560,fusion,1,0.24723278,0
glide_00561,fusion,1,0.35025713,1
glide_00562,fusion,1,0.35025713,1
glide_00563,fusion,1,0.23120296,0
glide_00564,fusion,1,0.35025713,1
glide_00565,fusion,1,0.7156657,0
glide_00566,fusion,1,0.35025713,1
glide_00567,fusion,1,0.35025713,1
glide_00568,fusion,1,0.115558684,0
glide_00569,fusion,1,0.35025713,1
glide_00570,fusion,1,0.35025713,1
glide_00571,fusion,1,0.35025713,1
glide_00572,fusion,1,0.016636863,0
glide_00573,fusion,1,0.29297128,1
glide_00574,fusion,1,0.35025713,1
glide_00575,fusion,1,0.11327968,0
glide_00576,fusion,1,0.35025713,1
glide_00577,fusion,1,0.35025713,1
glide_00578,fusion,1,0.35025713,1
glide_00579,fusion,1,0.35025713,1
glide_00580,fusion,1,0.35025713,1
glide_00581,fusion,1,0.35025713,1
glide_00582,fusion,1,0.35025713,1
glide_00583,fusion,1,0.07558199,0
glide_00584,fusion,1,0.09013788,0
glide_00585,fusion,1,0.0047238674,0
glide_00586,fusion,1,0.35025713,1
glide_00587,fusion,1,0.13401414,0
glide_00588,fusion,1,0.35025713,1
glide_00589,fusion,1,0.112175606,0
glide_00590,fusion,1,0.4805055,0
glide_00591,fusion,1,0.35025713,1
glide_00592,fusion,1,0.28703713,0
glide_00593,fusion,1,0.35025713,1
glide_00594,fusion,1,0.14860816,0
glide_00595,fusion,1,0.35025713,1
glide_00596,fusion,1,0.35025713,1
glide_00597,fusion,1,0.35025713,1
glide_00598,fusion,1,0.1717687,0
glide_00599,fusion,1,0.35025713,1
glide_00600,fusion,1,0.35025713,1
glide_00601,fusion,1,0.0736297,0
glide_00602,fusion,1,0.1550724,0
glide_00603,fusion,1,0.35025713,1
glide_00604,fusion,1,0.35025713,1
glide_00605,fusion,1,0.35025713,1
glide_00606,fusion,1,0.35025713,1
glide_00607,fusion,1,0.50834227,0
glide_00608,fusion,1,0.22077373,0
glide_00609,fusion,1,0.11037624,0
glide_00610,fusion,1,0.01937481,0
glide_00611,fusion,1,0.35025713,1
glide_00612,fusion,1,0.35025713,1
glide_00613,fusion,1,0.35025713,1
glide_00614,fusion,1,0.09324958,0
glide_00615,fusion,1,0.35025713,1
glide_00616,fusion,1,0.35025713,1
glide_00617,fusion,1,0.062695876,0
glide_00618,fusion,1,0.03451804,0
glide_00619,fusion,1,0.35025713,1
glide_00620,fusion,1,0.35025713,1
glide_00621,fusion,1,0.35025713,1
glide_00622,fusion,1,0.35025713,1
glide_00623,fusion,1,0.051257823,0
glide_00624,fusion,1,0.35025713,1
glide_00625,fusion,1,0.24007596,0
glide_00626,fusion,1,0.21447784,0
glide_00627,fusion,1,0.35025713,1
glide_00628,fusion,1,0.35025713,1
glide_00629,fusion,1,0.35025713,1
glide_00630,fusion,1,0.544124,0
glide_00631,fusion,1,0.0028859423,0
glide_00632,fusion,1,0.35025713,1
glide_00633,fusion,1,0.061561797,0
glide_00634,fusion,1,0.35025713,1
glide_00635,fusion,1,0.35025713,1
glide_00636,fusion,1,0.35025713,1
glide_00637,fusion,1,0.060537685,0
glide_00638,fusion,1,0.35025713,1
glide_00639,fusion,1,0.35025713,1
glide_00640,fusion,1,0.35025713,1
glide_00641,fusion,1,0.35025713,1
glide_00642,fusion,1,0.35025713,1
glide_00643,fusion,1,0.35025713,1
glide_00644,fusion,1,0.017858973,0
glide_00645,fusion,1,0.35025713,1
glide_00646,fusion,1,0.35025713,1
glide_00647,fusion,1,0.35025713,1
glide_00648,fusion,1,0.35025713,1
glide_00649,fusion,1,0.35025713,1
glide_00650,fusion,1,0.35025713,1
glide_00651,fusion,1,0.2432859,0
glide_00652,fusion,1,0.35025713,1
glide_00653,fusion,1,0.27074903,0
glide_00654,fusion,1,0.35025713,1
glide_00655,fusion,1,0.35025713,1
glide_00656,fusion,1,0.35025713,1
glide_00657,fusion,1,0.35025713,1
glide_00658,fusion,1,0.35025713,1
glide_00659,fusion,1,0.632116,0
glide_00660,fusion,1,0.28683463,0
glide_00661,fusion,1,0.35025713,1
glide_00662,fusion,1,0.35025713,1
glide_00663,fusion,1,0.65641487,0
glide_00664,fusion,1,0.35025713,1
glide_00665,fusion,1,0.35025713,1
glide_00666,fusion,1,0.35025713,1
glide_00667,fusion,1,0.35025713,1
glide_00668,fusion,1,0.26570213,1
glide_00669,fusion,1,0.35025713,1
glide_00670,fusion,1,0.0338777,0
glide_00671,fusion,1,0.35025713,1
glide_00672,fusion,1,0.28048217,0
glide_00673,fusion,1,0.35025713,1
glide_00674,fusion,1,0.78964937,0
glide_00675,fusion,1,0.10379149,0
glide_00676,fusion,1,0.35025713,1
glide_00677,fusion,1,0.38567835,0
glide_00678,fusion,1,0.35025713,1
glide_00679,fusion,1,0.35025713,1
glide_00680,fusion,1,0.96254635,0
glide_00681,fusion,1,0.35025713,1
glide_00682,fusion,1,0.35025713,1
glide_00683,fusion,1,0.35025713,1
glide_00684,fusion,1,0.35025713,1
glide_00685,fusion,1,0.35025713,1
glide_00686,fusion,1,0.28884175,0
glide_00687,fusion,1,0.35025713,1
glide_00688,fusion,1,0.7506614,0
glide_00689,fusion,1,0.35025713,1
glide_00690,fusion,1,0.35025713,1
glide_00691,fusion,1,0.3424079,0
glide_00692,fusion,1,0.35025713,1
glide_00693,fusion,1,0.1798632,0
glide_00694,fusion,1,0.35025713,1
glide_00695,fusion,1,0.05550828,0
glide_00696,fusion,1,0.35025713,1
glide_00697,fusion,1,0.35025713,1
glide_00698,fusion,1,0.35025713,1
glide_00699,fusion,1,0.35025713,1
glide_00700,fusion,1,0.35025713,1
glide_00701,fusion,1,0.35025713,1
glide_00702,fusion,1,0.35025713,1
glide_00703,fusion,1,0.3986883,0
glide_00704,fusion,1,0.3700754,0
glide_00705,fusion,1,0.72564065,0
glide_00706,fusion,1,0.35025713,1
glide_00707,fusion,1,0.35025713,1
glide_00708,fusion,1,0.35025713,1
glide_00709,fusion,1,0.35025713,1
glide_00710,fusion,1,0.043658815,0
glide_00711,fusion,1,0.71033597,0
glide_00712,fusion,1,0.35025713,1
glide_00713,fusion,1,0.35025713,1
glide_00714,fusion,1,0.35025713,1
glide_00715,fusion,1,0.35025713,1
glide_00716,fusion,1,0.35025713,1
glide_00717,fusion,1,0.35025713,1
glide_00718,fusion,1,0.35025713,1
glide_00719,fusion,1,0.6676537,0
glide_00720,fusion,1,0.35025713,1
glide_00721,fusion,1,0.35025713,1
glide_00722,fusion,1,0.39259997,0
glide_00723,fusion,1,0.35025713,1
glide_00724,fusion,1,0.35025713,1
glide_00725,fusion,1,0.35025713,1
glide_00726,fusion,1,0.14022805,0
glide_00727,fusion,1,0.46033537,0
glide_00728,fusion,1,0.05367854,0
glide_00729,fusion,1,0.10500845,0
glide_00730,fusion,1,0.35025713,1
glide_00731,fusion,1,0.35025713,1
glide_00732,fusion,1,0.34715497,0
glide_00733,fusion,1,0.5992695,0
glide_00734,fusion,1,0.6205425,0
glide_00735,fusion,1,0.3881881,0
glide_00736,fusion,1,0.35025713,1
glide_00737,fusion,1,0.02265394,0
glide_00738,fusion,1,0.30564043,1
glide_00739,fusion,1,0.35025713,1
glide_00740,fusion,1,0.4388503,0
glide_00741,fusion,1,0.35025713,1
glide_00742,fusion,1,0.35025713,1
glide_00743,fusion,1,0.35025713,1
glide_00744,fusion,1,0.70183676,0
glide_00745,fusion,1,0.35025713,1
glide_00746,fusion,1,0.35025713,1
glide_00747,fusion,1,0.35025713,1
glide_00748,fusion,1,0.695796,0
glide_00749,fusion,1,0.13253418,0
glide_00750,fusion,1,0.16314602,0
glide_00751,fusion,1,0.009444503,0
glide_00752,fusion,1,0.35025713,1
glide_00753,fusion,1,0.35025713,1
glide_00754,fusion,1,0.35025713,1
glide_00755,fusion,1,0.35025713,1
glide_00756,fusion,1,0.35025713,1
glide_00757,fusion,1,0.20917049,0
glide_00758,fusion,1,0.35025713,1
glide_00759,fusion,1,0.554143,0
glide_00760,fusion,1,0.35025713,1
glide_00761,fusion,1,0.067081586,0
glide_00762,fusion,1,0.2490064,0
glide_00763,fusion,1,0.35025713,1
glide_00764,fusion,1,0.35025713,1
glide_00765,fusion,1,0.95407045,0
glide_00766,fusion,1,0.35025713,1
glide_00767,fusion,1,0.35025713,1
glide_00768,fusion,1,0.35025713,1
glide_00769,fusion,1,0.35025713,1
glide_00770,fusion,1,0.35025713,1
glide_00771,fusion,1,0.35025713,1
glide_00772,fusion,1,0.35025713,1
glide_00773,fusion,1,0.16891989,0
glide_00774,fusion,1,0.35025713,1
glide_00775,fusion,1,0.55087465,0
glide_00776,fusion,1,0.6005669,0
glide_00777,fusion,1,0.35025713,1
glide_00778,fusion,1,0.35025713,1
glide_00779,fusion,1,0.35025713,1
glide_00780,fusion,1,0.35025713,1
glide_00781,fusion,1,0.35025713,1
glide_00782,fusion,1,0.35025713,1
glide_00783,fusion,1,0.35025713,1
glide_00784,fusion,1,0.35025713,1
glide_00785,fusion,1,0.35025713,1
glide_00786,fusion,1,0.92673725,0
glide_00787,fusion,1,0.35025713,1
glide_00788,fusion,1,0.35025713,1
glide_00789,fusion,1,0.35025713,1
glide_00790,fusion,1,0.09581777,0
glide_00791,fusion,1,0.15257083,0
glide_00792,fusion,1,0.35025713,1
glide_00793,fusion,1,0.35025713,1
glide_00794,fusion,1,0.35025713,1
glide_00795,fusion,1,0.35025713,1
glide_00796,fusion,1,0.044264317,0
glide_00797,fusion,1,0.070349775,0
glide_00798,fusion,1,0.35025713,1
glide_00799,fusion,1,0.35025713,1
glide_00800,fusion,1,0.91914034,0
glide_00801,fusion,1,0.24675764,0
glide_00802,fusion,1,0.35025713,1
glide_00803,fusion,1,0.35025713,1
glide_00804,fusion,1,0.35025713,1
glide_00805,fusion,1,0.35025713,1
glide_00806,fusion,1,0.35025713,1
glide_00807,fusion,1,0.04381703,0
glide_00808,fusion,1,0.35025713,1
glide_00809,fusion,1,0.35025713,1
glide_00810,fusion,1,0.35025713,1
glide_00811,fusion,1,0.35025713,1
glide_00812,fusion,1,0.35025713,1
glide_00813,fusion,1,0.31501284,0
glide_00814,fusion,1,0.35025713,1
glide_00815,fusion,1,0.6780432,0
glide_00816,fusion,1,0.05237242,0
glide_00817,fusion,1,0.35025713,1
glide_00818,fusion,1,0.35025713,1
glide_00819,fusion,1,0.35025713,1
glide_00820,fusion,1,0.35025713,1
glide_00821,fusion,1,0.35025713,1
glide_00822,fusion,1,0.35025713,1
glide_00823,fusion,1,0.014662545,0
glide_00824,fusion,1,0.35025713,1
glide_00825,fusion,1,0.35025713,1
glide_00826,fusion,1,0.35025713,1
glide_00827,fusion,1,0.35025713,1
glide_00828,fusion,1,0.8279736,0
glide_00829,fusion,1,0.35025713,1
glide_00830,fusion,1,0.35025713,1
glide_00831,fusion,1,0.35025713,1
glide_00832,fusion,1,0.35025713,1
glide_00833,fusion,1,0.40401098,0
glide_00834,fusion,1,0.35025713,1
glide_00835,fusion,1,0.22019017,0
glide_00836,fusion,1,0.35025713,1
glide_00837,fusion,1,0.35025713,1
glide_00838,fusion,1,0.35025713,1
glide_00839,fusion,1,0.35025713,1
glide_00840,fusion,1,0.35025713,1
glide_00841,fusion,1,0.35025713,1
glide_00842,fusion,1,0.6543466,0
glide_00843,fusion,1,0.44880807,0
glide_00844,fusion,1,0.23613259,0
glide_00845,fusion,1,0.35025713,1
glide_00846,fusion,1,0.35025713,1
glide_00847,fusion,1,0.35025713,1
glide_00848,fusion,1,0.35025713,1
glide_00849,fusion,1,0.35025713,1
glide_00850,fusion,1,0.35025713,1
glide_00851,fusion,1,0.35025713,1
glide_00852,fusion,1,0.051804278,0
glide_00853,fusion,1,0.19897982,0
glide_00854,fusion,1,0.1938873,0
glide_00855,fusion,1,0.35025713,1
glide_00856,fusion,1,0.35025713,1
glide_00857,fusion,1,0.35025713,1
glide_00858,fusion,1,0.35025713,1
glide_00859,fusion,1,0.35025713,1
glide_00860,fusion,1,0.35025713,1
glide_00861,fusion,1,0.529251,0
glide_00862,fusion,1,0.35025713,1
glide_00863,fusion,1,0.35025713,1
glide_00864,fusion,1,0.94689757,0
glide_00865,fusion,1,0.35025713,1
glide_00866,fusion,1,0.12102528,0
glide_00867,fusion,1,0.35025713,1
glide_00868,fusion,1,0.35025713,1
glide_00869,fusion,1,0.2312034,0
glide_00870,fusion,1,0.35025713,1
glide_00871,fusion,1,0.35025713,1
glide_00872,fusion,1,0.35025713,1
glide_00873,fusion,1,0.0042292294,0
glide_00874,fusion,1,0.7736098,0
glide_00875,fusion,1,0.35025713,1
glide_00876,fusion,1,0.35025713,1
glide_00877,fusion,1,0.35025713,1
glide_00878,fusion,1,0.35025713,1
glide_00879,fusion,1,0.17462389,0
glide_00880,fusion,1,0.35025713,1
glide_00881,fusion,1,0.35025713,1
glide_00882,fusion,1,0.12888055,0
glide_00883,fusion,1,0.35025713,1
glide_00884,fusion,1,0.35025713,1
glide_00885,fusion,1,0.35025713,1
glide_00886,fusion,1,0.35025713,1
glide_00887,fusion,1,0.35025713,1
glide_00888,fusion,1,0.35025713,1
glide_00889,fusion,1,0.35025713,1
glide_00890,fusion,1,0.6149029,0
glide_00891,fusion,1,0.35025713,1
glide_00892,fusion,1,0.46531543,0
glide_00893,fusion,1,0.35025713,1
glide_00894,fusion,1,0.35025713,1
glide_00895,fusion,1,0.35025713,1
glide_00896,fusion,1,0.02969054,0
glide_00897,fusion,1,0.35025713,1
glide_00898,fusion,1,0.089790866,0
glide_00899,fusion,1,0.35025713,1
glide_00900,fusion,1,0.35025713,1
glide_00901,fusion,1,0.35025713,1
glide_00902,fusion,1,0.35025713,1
glide_00903,fusion,1,0.35025713,1
glide_00904,fusion,1,0.004614711,0
glide_00905,fusion,1,0.22566056,0
glide_00906,fusion,1,0.35025713,1
glide_00907,fusion,1,0.12471251,0
glide_00908,fusion,1,0.35025713,1
glide_00909,fusion,1,0.04212201,0
glide_00910,fusion,1,0.9289645,0
glide_00911,fusion,1,0.64290726,0
glide_00912,fusion,1,0.35025713,1
glide_00913,fusion,1,0.063302174,0
glide_00914,fusion,1,0.9250226,0
glide_00915,fusion,1,0.35025713,1
glide_00916,fusion,1,0.35025713,1
glide_00917,fusion,1,0.04818452,0
glide_00918,fusion,1,0.35025713,1
glide_00919,fusion,1,0.87885696,0
glide_00920,fusion,1,0.35025713,1
glide_00921,fusion,1,0.028205156,0
glide_00922,fusion,1,0.35025713,1
glide_00923,fusion,1,0.35025713,1
glide_00924,fusion,1,0.1496399,0
glide_00925,fusion,1,0.690673,0
glide_00926,fusion,1,0.35025713,1
glide_00927,fusion,1,0.06519157,0
glide_00928,fusion,1,0.6442611,0
glide_00929,fusion,1,0.35025713,1
glide_00930,fusion,1,0.08238107,0
glide_00931,fusion,1,0.35025713,1
glide_00932,fusion,1,0.35025713,1
glide_00933,fusion,1,0.35025713,1
glide_00934,fusion,1,0.35025713,1
glide_00935,fusion,1,0.5030071,0
glide_00936,fusion,1,0.35025713,1
glide_00937,fusion,1,0.35025713,1
glide_00938,fusion,1,0.35025713,1
glide_00939,fusion,1,0.35025713,1
glide_00940,fusion,1,0.35025713,1
glide_00941,fusion,1,0.35025713,1
glide_00942,fusion,1,0.35025713,1
glide_00943,fusion,1,0.19264053,0
glide_00944,fusion,1,0.35025713,1
glide_00945,fusion,1,0.6661964,0
glide_00946,fusion,1,0.35025713,1
glide_00947,fusion,1,0.35025713,1
glide_00948,fusion,1,0.018930683,0
glide_00949,fusion,1,0.35025713,1
glide_00950,fusion,1,0.35025713,1
glide_00951,fusion,1,0.35025713,1
glide_00952,fusion,1,0.35025713,1
glide_00953,fusion,1,0.2657375,0
glide_00954,fusion,1,0.35025713,1
glide_00955,fusion,1,0.6590739,0
glide_00956,fusion,1,0.35025713,1
glide_00957,fusion,1,0.35025713,1
glide_00958,fusion,1,0.35025713,1
glide_00959,fusion,1,0.052159086,0
glide_00960,fusion,1,0.3251031,0
glide_00961,fusion,1,0.457458,0
glide_00962,fusion,1,0.35025713,1
glide_00963,fusion,1,0.3360905,0
glide_00964,fusion,1,0.35025713,1
glide_00965,fusion,1,0.35025713,1
glide_00966,fusion,1,0.3507688,0
glide_00967,fusion,1,0.35025713,1
glide_00968,fusion,1,0.39630622,0
glide_00969,fusion,1,0.35025713,1
glide_00970,fusion,1,0.167885,0
glide_00971,fusion,1,0.35025713,1
glide_00972,fusion,1,0.35025713,1
glide_00973,fusion,1,0.35025713,1
glide_00974,fusion,1,0.76608723,0
glide_00975,fusion,1,0.35025713,1
glide_00976,fusion,1,0.35025713,1
glide_00977,fusion,1,0.35025713,1
glide_00978,fusion,1,0.35025713,1
glide_00979,fusion,1,0.06513343,0
glide_00980,fusion,1,0.35025713,1
glide_00981,fusion,1,0.33029264,0
glide_00982,fusion,1,0.35025713,1
glide_00983,fusion,1,0.35025713,1
glide_00984,fusion,1,0.35025713,1
glide_00985,fusion,1,0.35025713,1
glide_00986,fusion,1,0.35025713,1
glide_00987,fusion,1,0.1065758,0
glide_00988,fusion,1,0.35025713,1
glide_00989,fusion,1,0.35025713,1
glide_00990,fusion,1,0.35025713,1
glide_00991,fusion,1,0.35025713,1
glide_00992,fusion,1,0.35025713,1
glide_00993,fusion,1,0.35025713,1
glide_00994,fusion,1,0.35025713,1
glide_00995,fusion,1,0.28708753,0
glide_00996,fusion,1,0.35025713,1
glide_00997,fusion,1,0.35025713,1
glide_00998,fusion,1,0.37158814,0
glide_00999,fusion,1,0.15026477,0
coco_000111,fusion,0,0.8098855,0
coco_000113,fusion,0,0.99886084,0
coco_000125,fusion,0,0.35025713,1
coco_000128,fusion,0,0.6699692,0
coco_000152,fusion,0,0.23329335,0
coco_000168,fusion,0,0.35025713,1
coco_000197,fusion,0,0.35025713,1
coco_000205,fusion,0,0.05930358,0
coco_000213,fusion,0,0.047833834,0
coco_000229,fusion,0,0.35025713,1
coco_000256,fusion,0,0.35025713,1
coco_000258,fusion,0,0.009713503,0
coco_000308,fusion,0,0.086644165,0
coco_000318,fusion,0,0.9287655,0
coco_000327,fusion,0,0.35025713,1
coco_000333,fusion,0,0.07103919,0
coco_000399,fusion,0,0.332453,0
coco_000401,fusion,0,0.031316515,0
coco_000415,fusion,0,0.47185656,0
coco_000437,fusion,0,0.043845788,0
coco_000440,fusion,0,0.14517535,0
coco_000459,fusion,0,0.35025713,1
coco_000547,fusion,0,0.80713063,0
coco_000548,fusion,0,0.8511198,0
coco_000558,fusion,0,0.6637018,0
coco_000561,fusion,0,0.35025713,1
coco_000613,fusion,0,0.0003713704,0
coco_000688,fusion,0,0.010198614,0
coco_000704,fusion,0,0.32696414,0
coco_000746,fusion,0,0.33417514,0
coco_000772,fusion,0,0.026586233,0
coco_000814,fusion,0,0.013001949,0
coco_000841,fusion,0,0.0090260655,0
coco_000848,fusion,0,0.7879379,0
coco_000886,fusion,0,0.35025713,1
coco_000936,fusion,0,0.804831,0
coco_000948,fusion,0,0.84897816,0
coco_000950,fusion,0,0.07874938,0
coco_000959,fusion,0,0.12760492,0
coco_000998,fusion,0,0.35025713,1
coco_001003,fusion,0,0.5506081,0
coco_001041,fusion,0,0.35025713,1
coco_001058,fusion,0,0.35025713,1
coco_001137,fusion,0,0.42556918,0
coco_001140,fusion,0,0.35025713,1
coco_001173,fusion,0,0.27391306,0
coco_001184,fusion,0,0.80266696,0
coco_001259,fusion,0,0.5238504,0
coco_001275,fusion,0,0.7315931,0
coco_001281,fusion,0,0.35025713,1
coco_001283,fusion,0,0.35025713,1
coco_001295,fusion,0,0.35025713,1
coco_001315,fusion,0,0.35025713,1
coco_001368,fusion,0,0.028123602,0
coco_001377,fusion,0,0.35025713,1
coco_001383,fusion,0,0.35025713,1
coco_001385,fusion,0,0.35025713,1
coco_001394,fusion,0,0.08583371,0
coco_001442,fusion,0,0.46600777,0
coco_001448,fusion,0,0.1336016,0
coco_001468,fusion,0,0.037351057,0
coco_001513,fusion,0,0.28758454,0
coco_001520,fusion,0,0.35025713,1
coco_001529,fusion,0,0.13136189,0
coco_001536,fusion,0,0.5265787,0
coco_001553,fusion,0,0.0527114,0
coco_001598,fusion,0,0.45006758,0
coco_001603,fusion,0,0.35025713,1
coco_001613,fusion,0,0.0236537,0
coco_001619,fusion,0,0.111958,0
coco_001654,fusion,0,0.35025713,1
coco_001671,fusion,0,0.35025713,1
coco_001679,fusion,0,0.35025713,1
coco_001688,fusion,0,0.030590234,0
coco_001724,fusion,0,0.35025713,1
coco_001810,fusion,0,0.07713109,0
coco_001848,fusion,0,0.001605501,0
coco_001882,fusion,0,0.10340214,0
coco_001900,fusion,0,0.6762488,0
coco_001904,fusion,0,0.5142356,0
coco_001911,fusion,0,0.35076225,0
coco_001931,fusion,0,0.35025713,1
coco_001936,fusion,0,0.35025713,1
coco_001950,fusion,0,0.31003436,0
coco_001966,fusion,0,0.16125455,0
coco_001978,fusion,0,0.8880517,0
coco_002010,fusion,0,0.64938986,0
coco_002038,fusion,0,0.047674447,0
coco_002043,fusion,0,0.3142403,0
coco_002062,fusion,0,0.68542534,0
coco_002142,fusion,0,0.12687366,0
coco_002189,fusion,0,0.35025713,1
coco_002207,fusion,0,0.005312422,0
coco_002208,fusion,0,0.53456366,0
coco_002214,fusion,0,0.09913752,0
coco_002217,fusion,0,0.35025713,1
coco_002224,fusion,0,0.3412786,0
coco_002267,fusion,0,0.055525016,0
coco_002272,fusion,0,0.0146143595,0
coco_002288,fusion,0,0.35025713,1
coco_002297,fusion,0,0.3097219,0
coco_002347,fusion,0,0.041477017,0
coco_002356,fusion,0,0.35025713,1
coco_002377,fusion,0,0.35025713,1
coco_002420,fusion,0,0.21530227,0
coco_002449,fusion,0,0.23224588,0
coco_002459,fusion,0,0.48710176,0
coco_002520,fusion,0,0.018025694,0
coco_002524,fusion,0,0.69377375,0
coco_002530,fusion,0,0.3202175,0
coco_002534,fusion,0,0.35025713,1
coco_002536,fusion,0,0.18712807,0
coco_002543,fusion,0,0.35025713,1
coco_002549,fusion,0,0.06313612,1
coco_002568,fusion,0,0.06441893,0
coco_002571,fusion,0,0.35025713,1
coco_002581,fusion,0,0.35025713,1
coco_002616,fusion,0,0.07006845,0
coco_002621,fusion,0,0.77847964,0
coco_002623,fusion,0,0.9705557,0
coco_002632,fusion,0,0.35025713,1
coco_002689,fusion,0,0.2917113,0
coco_002696,fusion,0,0.48704496,0
coco_002715,fusion,0,0.35025713,1
coco_002769,fusion,0,0.00411086,0
coco_002789,fusion,0,0.012079678,0
coco_002794,fusion,0,0.6508931,0
coco_002798,fusion,0,0.35025713,1
coco_002812,fusion,0,0.07545632,0
coco_002835,fusion,0,0.062283646,0
coco_002906,fusion,0,0.35025713,1
coco_002918,fusion,0,0.35025713,1
coco_002919,fusion,0,0.35025713,1
coco_002929,fusion,0,0.22694601,0
coco_002953,fusion,0,0.30417222,0
coco_003003,fusion,0,0.2287965,0
coco_003018,fusion,0,0.6260455,0
coco_003023,fusion,0,0.35025713,1
coco_003027,fusion,0,0.16613355,0
coco_003033,fusion,0,0.2716462,0
coco_003078,fusion,0,0.58516514,0
coco_003088,fusion,0,0.35025713,1
coco_003101,fusion,0,0.20577309,0
coco_003146,fusion,0,0.011799084,0
coco_003161,fusion,0,0.19385104,0
coco_003195,fusion,0,0.34686348,0
coco_003219,fusion,0,0.35025713,1
coco_003221,fusion,0,0.012007238,0
coco_003240,fusion,0,0.00155684,0
coco_003257,fusion,0,0.020476362,0
coco_003273,fusion,0,0.35025713,1
coco_003282,fusion,0,0.06525851,0
coco_003292,fusion,0,0.33860627,0
coco_003330,fusion,0,0.28783014,0
coco_003343,fusion,0,0.048018634,0
coco_003368,fusion,0,0.48373988,0
coco_003371,fusion,0,0.016422354,0
coco_003375,fusion,0,0.35025713,1
coco_003377,fusion,0,0.35025713,1
coco_003413,fusion,0,0.047316752,0
coco_003414,fusion,0,0.25828117,0
coco_003473,fusion,0,0.30313012,0
coco_003475,fusion,0,0.35025713,1
coco_003477,fusion,0,0.35025713,1
coco_003525,fusion,0,0.062290378,0
coco_003527,fusion,0,0.11081429,0
coco_003537,fusion,0,0.19826657,0
coco_003547,fusion,0,0.0073045166,0
coco_003549,fusion,0,0.35025713,1
coco_003554,fusion,0,0.6136965,0
coco_003562,fusion,0,0.025293738,0
coco_003569,fusion,0,0.6199323,0
coco_003588,fusion,0,0.21470192,0
coco_003603,fusion,0,0.35025713,1
coco_003642,fusion,0,0.35025713,1
coco_003649,fusion,0,0.023359755,0
coco_003668,fusion,0,0.22808185,0
coco_003678,fusion,0,0.20029363,0
coco_003776,fusion,0,0.055307236,0
coco_003787,fusion,0,0.13220811,0
coco_003823,fusion,0,0.00095207663,0
coco_003834,fusion,0,0.35025713,1
coco_003857,fusion,0,0.35025713,1
coco_003868,fusion,0,0.08128423,0
coco_003912,fusion,0,0.8334531,0
coco_003977,fusion,0,0.90249074,0
coco_004013,fusion,0,0.09296319,0
coco_004051,fusion,0,0.08526328,0
coco_004068,fusion,0,0.32208413,0
coco_004071,fusion,0,0.0054828515,0
coco_004092,fusion,0,0.9060021,0
coco_004107,fusion,0,0.23654245,0
coco_004121,fusion,0,0.35025713,1
coco_004150,fusion,0,0.35025713,1
coco_004153,fusion,0,0.095270075,1
coco_004155,fusion,0,0.35025713,1
coco_004168,fusion,0,0.9326961,0
coco_004187,fusion,0,0.42728725,0
coco_004194,fusion,0,0.35025713,1
coco_004219,fusion,0,0.030809235,0
coco_004234,fusion,0,0.19132401,0
coco_004246,fusion,0,0.35025713,1
coco_004260,fusion,0,0.35025713,1
coco_004263,fusion,0,0.35025713,1
coco_004276,fusion,0,0.3799318,0
coco_004280,fusion,0,0.0063663605,0
coco_004326,fusion,0,0.590923,0
coco_004367,fusion,0,0.5610545,0
coco_004429,fusion,0,0.4327257,0
coco_004449,fusion,0,0.6544908,0
coco_004486,fusion,0,0.35025713,1
coco_004516,fusion,0,0.104149915,0
coco_004538,fusion,0,0.05325013,0
coco_004603,fusion,0,0.35025713,1
coco_004660,fusion,0,0.35025713,1
coco_004661,fusion,0,0.069447115,0
coco_004698,fusion,0,0.05550464,0
coco_004699,fusion,0,0.47122484,0
coco_004743,fusion,0,0.006672492,0
coco_004785,fusion,0,0.35025713,1
coco_004804,fusion,0,0.35025713,1
coco_004889,fusion,0,0.0050304323,0
coco_004924,fusion,0,0.35025713,1
coco_004996,fusion,0,0.19802563,0
coco_005126,fusion,0,0.0019506855,0
coco_005136,fusion,0,0.19595264,0
coco_005137,fusion,0,0.35025713,1
coco_005138,fusion,0,0.35025713,1
coco_005236,fusion,0,0.009442462,0
coco_005255,fusion,0,0.07599657,0
coco_005305,fusion,0,0.30939847,0
coco_005351,fusion,0,0.89112455,0
coco_005407,fusion,0,0.35025713,1
coco_005414,fusion,0,0.0420509,0
coco_005429,fusion,0,0.09930444,0
coco_005482,fusion,0,0.35025713,1
coco_005490,fusion,0,0.087428056,0
coco_005516,fusion,0,0.35025713,1
coco_005542,fusion,0,0.81083417,0
coco_005546,fusion,0,0.10684849,0
coco_005565,fusion,0,0.65277696,0
coco_005623,fusion,0,0.3261141,0
coco_005668,fusion,0,0.82043135,0
coco_005705,fusion,0,0.0062829796,0
coco_005714,fusion,0,0.35025713,1
coco_005725,fusion,0,0.35025713,1
coco_005727,fusion,0,0.21126834,0
coco_005819,fusion,0,0.35025713,1
coco_005880,fusion,0,0.103131816,0
coco_005883,fusion,0,0.35025713,1
coco_005889,fusion,0,0.35025713,1
coco_005907,fusion,0,0.35025713,1
coco_005933,fusion,0,0.35025713,1
coco_005962,fusion,0,0.5111735,0
coco_005998,fusion,0,0.1677791,0
coco_006001,fusion,0,0.11579834,0
coco_006011,fusion,0,0.06398323,0
coco_006027,fusion,0,0.35025713,1
coco_006037,fusion,0,0.0062317727,0
coco_006075,fusion,0,0.0045229667,0
coco_006091,fusion,0,0.35025713,1
coco_006097,fusion,0,0.09603725,0
coco_006105,fusion,0,0.13396226,0
coco_006135,fusion,0,0.29515722,0
coco_006142,fusion,0,0.35170212,0
coco_006184,fusion,0,0.7537111,0
coco_006186,fusion,0,0.22426733,0
coco_006199,fusion,0,0.35025713,1
coco_006215,fusion,0,0.35025713,1
coco_006243,fusion,0,0.07806814,0
coco_006286,fusion,0,0.5242343,1
coco_006327,fusion,0,0.028011402,0
coco_006399,fusion,0,0.35025713,1
coco_006420,fusion,0,0.35025713,1
coco_006490,fusion,0,0.28621504,0
coco_006506,fusion,0,0.03147588,0
coco_006531,fusion,0,0.058639742,0
coco_006555,fusion,0,0.35025713,1
coco_006564,fusion,0,0.0799987,0
coco_006605,fusion,0,0.9801981,0
coco_006640,fusion,0,0.35025713,1
coco_006657,fusion,0,0.1533877,0
coco_006685,fusion,0,0.15345028,0
coco_006695,fusion,0,0.15498091,0
coco_006716,fusion,0,0.20944066,0
coco_006718,fusion,0,0.35025713,1
coco_006744,fusion,0,0.102553606,0
coco_006766,fusion,0,0.5232257,0
coco_006789,fusion,0,0.35025713,1
coco_006806,fusion,0,0.5589007,0
coco_006848,fusion,0,0.16138728,0
coco_006849,fusion,0,0.0057975715,0
coco_006855,fusion,0,0.35025713,1
coco_006877,fusion,0,0.8701417,0
coco_006889,fusion,0,0.35025713,1
coco_006893,fusion,0,0.5474403,0
coco_006894,fusion,0,0.6171501,0
coco_006906,fusion,0,0.35025713,1
coco_006907,fusion,0,0.96109915,0
coco_006912,fusion,0,0.28272933,0
coco_006917,fusion,0,0.35123232,0
coco_006918,fusion,0,0.065246366,1
coco_006933,fusion,0,0.0012734332,0
coco_006936,fusion,0,0.02326676,0
coco_006943,fusion,0,0.2794422,0
coco_006948,fusion,0,0.35025713,1
coco_006982,fusion,0,0.77360475,0
coco_006986,fusion,0,0.35025713,1
coco_006989,fusion,0,0.02471051,0
coco_007017,fusion,0,0.35025713,1
coco_007022,fusion,0,0.28223997,0
coco_007099,fusion,0,0.35025713,1
coco_007110,fusion,0,0.35025713,1
coco_007210,fusion,0,0.041029092,0
coco_007221,fusion,0,0.35025713,1
coco_007242,fusion,0,0.9607126,0
coco_007258,fusion,0,0.28022972,0
coco_007301,fusion,0,0.35025713,1
coco_007335,fusion,0,0.3068372,0
coco_007341,fusion,0,0.076426394,0
coco_007344,fusion,0,0.49907988,0
coco_007391,fusion,0,0.35025713,1
coco_007440,fusion,0,0.35025713,1
coco_007441,fusion,0,0.28275862,0
coco_007456,fusion,0,0.11296163,0
coco_007457,fusion,0,0.0014264678,0
coco_007475,fusion,0,0.9303792,0
coco_007503,fusion,0,0.018571923,0
coco_007523,fusion,0,0.33696836,0
coco_007528,fusion,0,0.35025713,1
coco_007553,fusion,0,0.3283524,0
coco_007565,fusion,0,0.20709614,0
coco_007568,fusion,0,0.09568739,0
coco_007572,fusion,0,0.5817009,0
coco_007626,fusion,0,0.17464982,0
coco_007636,fusion,0,0.60822725,0
coco_007654,fusion,0,0.554155,0
coco_007660,fusion,0,0.35025713,1
coco_007734,fusion,0,0.7483491,0
coco_007755,fusion,0,0.015879259,0
coco_007759,fusion,0,0.35025713,1
coco_007766,fusion,0,0.37750465,0
coco_007768,fusion,0,0.14684002,0
coco_007786,fusion,0,0.35025713,1
coco_007800,fusion,0,0.35025713,1
coco_007802,fusion,0,0.35025713,1
coco_007822,fusion,0,0.11760353,0
coco_007838,fusion,0,0.35025713,1
coco_007858,fusion,0,0.14970286,0
coco_007862,fusion,0,0.2591146,0
coco_007906,fusion,0,0.35025713,1
coco_007935,fusion,0,0.16419663,0
coco_007979,fusion,0,0.35025713,1
coco_008002,fusion,0,0.35025713,1
coco_008033,fusion,0,0.35025713,1
coco_008050,fusion,0,0.011526389,0
coco_008075,fusion,0,0.0038527679,0
coco_008085,fusion,0,0.6362657,0
coco_008091,fusion,0,0.8186865,0
coco_008092,fusion,0,0.8309839,0
coco_008096,fusion,0,0.14957824,0
coco_008151,fusion,0,0.36329544,0
coco_008180,fusion,0,0.95403343,0
coco_008204,fusion,0,0.35025713,1
coco_008206,fusion,0,0.7513473,0
coco_008235,fusion,0,0.13897151,0
coco_008263,fusion,0,0.0003268244,0
coco_008286,fusion,0,0.35025713,1
coco_008313,fusion,0,0.5592775,0
coco_008385,fusion,0,0.22126287,0
coco_008408,fusion,0,0.00096856355,0
coco_008410,fusion,0,0.35025713,1
coco_008532,fusion,0,0.14626308,0
coco_008572,fusion,0,0.9637916,0
coco_008591,fusion,0,0.03297933,0
coco_008605,fusion,0,0.00421751,0
coco_008615,fusion,0,0.05542141,0
coco_008629,fusion,0,0.35025713,1
coco_008642,fusion,0,0.7242382,0
coco_008651,fusion,0,0.374249,0
coco_008663,fusion,0,0.03278057,0
coco_008685,fusion,0,0.039491236,0
coco_008695,fusion,0,0.7345692,0
coco_008703,fusion,0,0.17780101,0
coco_008787,fusion,0,0.9941142,0
coco_008812,fusion,0,0.35025713,1
coco_008834,fusion,0,0.23414823,0
coco_008851,fusion,0,0.35025713,1
coco_008913,fusion,0,0.046533074,0
coco_008915,fusion,0,0.013138695,0
coco_008952,fusion,0,0.35025713,1
coco_009014,fusion,0,0.35025713,1
coco_009015,fusion,0,0.049492974,0
coco_009031,fusion,0,0.098988846,0
coco_009123,fusion,0,0.27206117,0
coco_009126,fusion,0,0.35025713,1
coco_009136,fusion,0,0.096552454,0
coco_009156,fusion,0,0.11676248,0
coco_009166,fusion,0,0.35025713,1
coco_009170,fusion,0,0.35025713,1
coco_009205,fusion,0,0.35025713,1
coco_009231,fusion,0,0.07514939,0
coco_009248,fusion,0,0.008827908,0
coco_009300,fusion,0,0.10413118,0
coco_009303,fusion,0,0.008487169,0
coco_009328,fusion,0,0.022113103,0
coco_009338,fusion,0,0.021774352,0
coco_009353,fusion,0,0.35025713,1
coco_009373,fusion,0,0.01616924,0
coco_009395,fusion,0,0.08973049,0
coco_009426,fusion,0,0.6906088,0
coco_009429,fusion,0,0.32389495,0
coco_009431,fusion,0,0.0546071,0
coco_009451,fusion,0,0.4099697,0
coco_009480,fusion,0,0.012077073,0
coco_009486,fusion,0,0.35025713,1
coco_009508,fusion,0,0.14292108,0
coco_009531,fusion,0,0.35025713,1
coco_009573,fusion,0,0.2428635,0
coco_009600,fusion,0,0.35025713,1
coco_009612,fusion,0,0.3403839,0
coco_009698,fusion,0,0.16221893,0
coco_009806,fusion,0,0.47782716,0
coco_009809,fusion,0,0.06534443,0
coco_009811,fusion,0,0.3080895,0
coco_009838,fusion,0,0.06624869,0
coco_009856,fusion,0,0.29428583,0
coco_009859,fusion,0,0.3708085,0
coco_009861,fusion,0,0.35025713,1
coco_009881,fusion,0,0.35025713,1
coco_009901,fusion,0,0.5106324,0
coco_009921,fusion,0,0.54311967,0
coco_009931,fusion,0,0.35025713,1
coco_009938,fusion,0,0.35025713,1
coco_009943,fusion,0,0.35025713,1
coco_009954,fusion,0,0.89128965,0
coco_009987,fusion,0,0.35025713,1
coco_010002,fusion,0,0.35025713,1
coco_010021,fusion,0,0.021672828,0
coco_010027,fusion,0,0.21382049,0
coco_010036,fusion,0,0.012909981,0
coco_010050,fusion,0,0.35025713,1
coco_010053,fusion,0,0.35025713,1
coco_010070,fusion,0,0.16499464,0
coco_010144,fusion,0,0.11420868,0
coco_010186,fusion,0,0.4272627,0
coco_010199,fusion,0,0.7100532,0
coco_010225,fusion,0,0.30637068,0
coco_010246,fusion,0,0.35025713,1
coco_010247,fusion,0,0.35025713,1
coco_010280,fusion,0,0.52771384,0
coco_010291,fusion,0,0.96829915,0
coco_010298,fusion,0,0.92554015,0
coco_010311,fusion,0,0.0910642,0
coco_010355,fusion,0,0.35025713,1
coco_010361,fusion,0,0.016715046,0
coco_010459,fusion,0,0.008422705,0
coco_010486,fusion,0,0.35025713,1
coco_010507,fusion,0,0.35025713,1
coco_010549,fusion,0,0.22463457,0
coco_010550,fusion,0,0.35025713,1
coco_010587,fusion,0,0.35025713,1
coco_010732,fusion,0,0.45347401,0
coco_010741,fusion,0,0.35025713,1
coco_010761,fusion,0,0.26542792,0
coco_010773,fusion,0,0.35025713,1
coco_010815,fusion,0,0.10023504,0
coco_010840,fusion,0,0.35025713,1
coco_010861,fusion,0,0.056506786,0
coco_010872,fusion,0,0.14880283,0
coco_010885,fusion,0,0.35025713,1
coco_010886,fusion,0,0.17860545,0
coco_010888,fusion,0,0.26501012,0
coco_010892,fusion,0,0.3361135,0
coco_010895,fusion,0,0.19107829,0
coco_010931,fusion,0,0.35025713,1
coco_010980,fusion,0,0.044826053,0
coco_010985,fusion,0,0.20240296,0
coco_010993,fusion,0,0.06277663,0
coco_010997,fusion,0,0.708018,0
coco_011022,fusion,0,0.35025713,1
coco_011102,fusion,0,0.21934757,0
coco_011129,fusion,0,0.35025713,1
coco_011149,fusion,0,0.017765068,0
coco_011237,fusion,0,0.52040666,0
coco_011247,fusion,0,0.35025713,1
coco_011291,fusion,0,0.20928119,0
coco_011331,fusion,0,0.67831063,0
coco_011353,fusion,0,0.6518532,0
coco_011358,fusion,0,0.81829226,0
coco_011457,fusion,0,0.35025713,1
coco_011478,fusion,0,0.85351986,0
coco_011549,fusion,0,0.097842515,0
coco_011598,fusion,0,0.35025713,1
coco_011605,fusion,0,0.0671233,0
coco_011632,fusion,0,0.35025713,1
coco_011653,fusion,0,0.7025781,0
coco_011657,fusion,0,0.35025713,1
coco_011698,fusion,0,0.35025713,1
coco_011723,fusion,0,0.6721357,0
coco_011730,fusion,0,0.023183357,0
coco_011795,fusion,0,0.7187888,0
coco_011801,fusion,0,0.35025713,1
coco_011867,fusion,0,0.97835106,0
coco_011873,fusion,0,0.08625114,0
coco_011902,fusion,0,0.024037821,0
coco_011953,fusion,0,0.084914856,0
coco_011959,fusion,0,0.35025713,1
coco_011967,fusion,0,0.35025713,1
coco_012013,fusion,0,0.35025713,1
coco_012042,fusion,0,0.35025713,1
coco_012055,fusion,0,0.0017103743,0
coco_012083,fusion,0,0.5111955,0
coco_012092,fusion,0,0.10533044,0
coco_012106,fusion,0,0.60046405,0
coco_012125,fusion,0,0.35025713,1
coco_012128,fusion,0,0.05255545,0
coco_012146,fusion,0,0.5569186,0
coco_012167,fusion,0,0.0419923,0
coco_012200,fusion,0,0.35025713,1
coco_012214,fusion,0,0.36220208,0
coco_012239,fusion,0,0.028071186,0
coco_012247,fusion,0,0.039496694,0
coco_012266,fusion,0,0.35025713,1
coco_012281,fusion,0,0.014755862,0
coco_012285,fusion,0,0.25180528,0
coco_012289,fusion,0,0.073224306,0
coco_012311,fusion,0,0.11675797,0
coco_012326,fusion,0,0.35025713,1
coco_012327,fusion,0,0.35025713,1
coco_012330,fusion,0,0.03398222,0
coco_012341,fusion,0,0.35025713,1
coco_012373,fusion,0,0.35025713,1
coco_012398,fusion,0,0.8117466,0
coco_012409,fusion,0,0.35025713,1
coco_012436,fusion,0,0.45475358,0
coco_012456,fusion,0,0.15506099,0
coco_012460,fusion,0,0.35025713,1
coco_012484,fusion,0,0.35025713,1
coco_012505,fusion,0,0.46768397,0
coco_012510,fusion,0,0.66512024,0
coco_012524,fusion,0,0.35025713,1
coco_012558,fusion,0,0.98664725,0
coco_012564,fusion,0,0.47780868,0
coco_012578,fusion,0,0.023439007,0
coco_012602,fusion,0,0.35025713,1
coco_012610,fusion,0,0.35025713,1
coco_012612,fusion,0,0.18948235,0
coco_012632,fusion,0,0.3259484,0
coco_012658,fusion,0,0.6673743,0
coco_012715,fusion,0,0.35025713,1
coco_012742,fusion,0,0.27064753,0
coco_012745,fusion,0,0.35025713,1
coco_012813,fusion,0,0.35025713,1
coco_012821,fusion,0,0.0025402266,0
coco_012847,fusion,0,0.1130043,0
coco_012860,fusion,0,0.076724455,0
coco_012898,fusion,0,0.35025713,1
coco_012949,fusion,0,0.015037867,0
coco_012967,fusion,0,0.3524959,0
coco_013003,fusion,0,0.10014487,0
coco_013006,fusion,0,0.35025713,1
coco_013059,fusion,0,0.012816339,0
coco_013065,fusion,0,0.011589571,0
coco_013119,fusion,0,0.35025713,1
coco_013127,fusion,0,0.35025713,1
coco_013132,fusion,0,0.04769064,0
coco_013158,fusion,0,0.35025713,1
coco_013202,fusion,0,0.118310824,0
coco_013209,fusion,0,0.13199851,0
coco_013231,fusion,0,0.0072149746,0
coco_013296,fusion,0,0.014639327,0
coco_013329,fusion,0,0.35025713,1
coco_013387,fusion,0,0.35025713,1
coco_013393,fusion,0,0.35025713,1
coco_013411,fusion,0,0.048421867,0
coco_013447,fusion,0,0.078659415,0
coco_013449,fusion,0,0.35025713,1
coco_013452,fusion,0,0.35025713,1
coco_013455,fusion,0,0.35025713,1
coco_013474,fusion,0,0.35025713,1
coco_013499,fusion,0,0.32246363,0
coco_013523,fusion,0,0.03267071,0
coco_013535,fusion,0,0.013091026,0
coco_013543,fusion,0,0.15392005,0
coco_013551,fusion,0,0.5442924,0
coco_013584,fusion,0,0.01589927,0
coco_013588,fusion,0,0.35025713,1
coco_013595,fusion,0,0.013012367,0
coco_013612,fusion,0,0.07214163,0
coco_013619,fusion,0,0.74922067,0
coco_013630,fusion,0,0.00063805474,0
coco_013635,fusion,0,0.35025713,1
coco_013636,fusion,0,0.18401934,0
coco_013681,fusion,0,0.04417684,0
coco_013768,fusion,0,0.93327576,0
coco_013789,fusion,0,0.72109264,0
coco_013804,fusion,0,0.51106304,0
coco_013820,fusion,0,0.04677273,0
coco_013840,fusion,0,0.0967168,0
coco_013849,fusion,0,0.068101756,0
coco_013862,fusion,0,0.017250123,0
coco_013867,fusion,0,0.22555773,0
coco_013878,fusion,0,0.35025713,1
coco_013930,fusion,0,0.17291418,0
coco_013942,fusion,0,0.09024895,0
coco_013943,fusion,0,0.25728744,0
coco_014024,fusion,0,0.015174635,0
coco_014037,fusion,0,0.23606849,0
coco_014054,fusion,0,0.35025713,1
coco_014079,fusion,0,0.061410896,0
coco_014123,fusion,0,0.35025713,1
coco_014132,fusion,0,0.35025713,1
coco_014134,fusion,0,0.35025713,1
coco_014162,fusion,0,0.13304675,0
coco_014173,fusion,0,0.31619212,0
coco_014197,fusion,0,0.03004212,0
coco_014240,fusion,0,0.120369375,0
coco_014264,fusion,0,0.033993747,0
coco_014303,fusion,0,0.35025713,1
coco_014323,fusion,0,0.7334795,0
coco_014359,fusion,0,0.1381058,0
coco_014387,fusion,0,0.9924581,0
coco_014391,fusion,0,0.05524607,0
coco_014409,fusion,0,0.35025713,1
coco_014422,fusion,0,0.35025713,1
coco_014423,fusion,0,0.6704922,0
coco_014424,fusion,0,0.35025713,1
coco_014445,fusion,0,0.8607486,0
coco_014446,fusion,0,0.5137743,0
coco_014456,fusion,0,0.08132813,0
coco_014475,fusion,0,0.35025713,1
coco_014513,fusion,0,0.35025713,1
coco_014529,fusion,0,0.060094975,0
coco_014563,fusion,0,0.35025713,1
coco_014593,fusion,0,0.35025713,1
coco_014609,fusion,0,0.0360006,0
coco_014610,fusion,0,0.35025713,1
coco_014636,fusion,0,0.35025713,1
coco_014639,fusion,0,0.35025713,1
coco_014643,fusion,0,0.8698798,0
coco_014653,fusion,0,0.30327615,0
coco_014678,fusion,0,0.046945926,0
coco_014681,fusion,0,0.35025713,1
coco_014690,fusion,0,0.9810821,0
coco_014698,fusion,0,0.47525874,0
coco_014707,fusion,0,0.07862615,0
coco_014713,fusion,0,0.78035015,0
coco_014762,fusion,0,0.34431273,0
coco_014764,fusion,0,0.7870349,0
coco_014772,fusion,0,0.35025713,1
coco_014773,fusion,0,0.96336097,0
coco_014831,fusion,0,0.35025713,1
coco_014862,fusion,0,0.34826183,0
coco_014869,fusion,0,0.35025713,1
coco_014903,fusion,0,0.35025713,1
coco_014934,fusion,0,0.29604644,0
coco_014939,fusion,0,0.47646168,0
coco_014958,fusion,0,0.030727481,0
coco_015069,fusion,0,0.23422469,0
coco_015106,fusion,0,0.35025713,1
coco_015135,fusion,0,0.52245736,0
coco_015151,fusion,0,0.13165225,0
coco_015161,fusion,0,0.35025713,1
coco_015170,fusion,0,0.42455387,0
coco_015193,fusion,0,0.9636062,0
coco_015200,fusion,0,0.34831965,0
coco_015205,fusion,0,0.098483145,0
coco_015224,fusion,0,0.3552778,0
coco_015231,fusion,0,0.7592461,0
coco_015236,fusion,0,0.0056403195,0
coco_015256,fusion,0,0.82041186,0
coco_015282,fusion,0,0.9403858,0
coco_015284,fusion,0,0.35025713,1
coco_015313,fusion,0,0.35025713,1
coco_015315,fusion,0,0.45683694,0
coco_015342,fusion,0,0.00036647532,0
coco_015351,fusion,0,0.35025713,1
coco_015361,fusion,0,0.16847502,0
coco_015373,fusion,0,0.2079975,0
coco_015382,fusion,0,0.03073289,0
coco_015385,fusion,0,0.35025713,1
coco_015402,fusion,0,0.03999537,0
coco_015409,fusion,0,0.00946806,0
coco_015437,fusion,0,0.35025713,1
coco_015457,fusion,0,0.6587074,0
coco_015484,fusion,0,0.39131525,0
coco_015490,fusion,0,0.48120943,0
coco_015535,fusion,0,0.045333434,0
coco_015550,fusion,0,0.30942848,0
coco_015576,fusion,0,0.9795567,0
coco_015593,fusion,0,0.024700435,0
coco_015601,fusion,0,0.16879432,0
coco_015614,fusion,0,0.13067588,0
coco_015615,fusion,0,0.44369468,0
coco_015654,fusion,0,0.19229524,0
coco_015655,fusion,0,0.4586426,0
coco_015673,fusion,0,0.35025713,1
coco_015676,fusion,0,0.35025713,1
coco_015677,fusion,0,0.8623501,0
coco_015688,fusion,0,0.35025713,1
coco_015689,fusion,0,0.16085154,0
coco_015706,fusion,0,0.35025713,1
coco_015726,fusion,0,0.35025713,1
coco_015730,fusion,0,0.032676842,0
coco_015745,fusion,0,0.35025713,1
coco_015794,fusion,0,0.35025713,1
coco_015797,fusion,0,0.048678305,0
coco_015865,fusion,0,0.13551703,0
coco_015912,fusion,0,0.6261173,0
coco_015916,fusion,0,0.17889573,0
coco_015919,fusion,0,0.87540865,0
coco_015921,fusion,0,0.35025713,1
coco_015950,fusion,0,0.09071228,0
coco_015959,fusion,0,0.35025713,1
coco_015974,fusion,0,0.35025713,1
coco_015990,fusion,0,0.35025713,1
coco_016000,fusion,0,0.07812312,0
coco_016029,fusion,0,0.6013371,0
coco_016052,fusion,0,0.9587252,0
coco_016070,fusion,0,0.35025713,1
coco_016071,fusion,0,0.003048677,0
coco_016085,fusion,0,0.04380362,0
coco_016152,fusion,0,0.06583381,0
coco_016226,fusion,0,0.098222114,0
coco_016322,fusion,0,0.35025713,1
coco_016343,fusion,0,0.35025713,1
coco_016349,fusion,0,0.057504337,0
coco_016351,fusion,0,0.26605672,0
coco_016378,fusion,0,0.08170457,0
coco_016386,fusion,0,0.33885926,0
coco_016409,fusion,0,0.71344995,0
coco_016419,fusion,0,0.7415054,0
coco_016425,fusion,0,0.066110484,0
coco_016477,fusion,0,0.24256617,0
coco_016520,fusion,0,0.17355476,0
coco_016529,fusion,0,0.35025713,1
coco_016543,fusion,0,0.35025713,1
coco_016548,fusion,0,0.35025713,1
coco_016586,fusion,0,0.11554149,0
coco_016619,fusion,0,0.35025713,1
coco_016636,fusion,0,0.35025713,1
coco_016638,fusion,0,0.35025713,1
coco_016683,fusion,0,0.23367052,0
coco_016700,fusion,0,0.35025713,1
coco_016760,fusion,0,0.35025713,1
coco_016772,fusion,0,0.9437345,0
coco_016783,fusion,0,0.35025713,1
coco_016789,fusion,0,0.90556633,0
coco_016830,fusion,0,0.33795786,0
coco_016831,fusion,0,0.007999606,0
coco_016868,fusion,0,0.35025713,1
coco_016908,fusion,0,0.35025713,1
coco_016909,fusion,0,0.35025713,1
coco_016912,fusion,0,0.055322587,0
coco_016928,fusion,0,0.35025713,1
coco_016930,fusion,0,0.12936707,0
coco_016974,fusion,0,0.544163,0
coco_016990,fusion,0,0.35025713,1
coco_017055,fusion,0,0.34064797,0
coco_017097,fusion,0,0.029463464,0
coco_017121,fusion,0,0.35025713,1
coco_017131,fusion,0,0.0036992182,0
coco_017143,fusion,0,0.6976104,0
coco_017148,fusion,0,0.07460771,0
coco_017174,fusion,0,0.35025713,1
coco_017215,fusion,0,0.35025713,1
coco_017220,fusion,0,0.11330666,0
coco_017221,fusion,0,0.35025713,1
coco_017224,fusion,0,0.3938193,0
coco_017242,fusion,0,0.35025713,1
coco_017259,fusion,0,0.92520714,0
coco_017275,fusion,0,0.2829107,0
coco_017278,fusion,0,0.35025713,1
coco_017283,fusion,0,0.38793978,0
coco_017293,fusion,0,0.80452156,0
coco_017343,fusion,0,0.35025713,1
coco_017351,fusion,0,0.3893795,0
coco_017361,fusion,0,0.63394713,0
coco_017373,fusion,0,0.16467403,0
coco_017390,fusion,0,0.35025713,1
coco_017399,fusion,0,0.413961,0
coco_017426,fusion,0,0.071949564,0
coco_017445,fusion,0,0.20490502,0
coco_017460,fusion,0,0.16075307,0
coco_017492,fusion,0,0.9490197,0
coco_017507,fusion,0,0.013939119,0
coco_017534,fusion,0,0.35025713,1
coco_017581,fusion,0,0.2151998,0
coco_017618,fusion,0,0.030280396,0
coco_017626,fusion,0,0.7201668,0
coco_017671,fusion,0,0.35025713,1
coco_017694,fusion,0,0.35025713,1
coco_017701,fusion,0,0.01463641,0
coco_017816,fusion,0,0.11839463,0
coco_017831,fusion,0,0.17564183,0
coco_017846,fusion,0,0.20118971,0
coco_017864,fusion,0,0.028118644,0
coco_017868,fusion,0,0.0068105203,0
coco_017881,fusion,0,0.022600666,0
coco_017890,fusion,0,0.013098402,0
coco_017895,fusion,0,0.5925098,0
coco_017910,fusion,0,0.74692136,0
coco_017914,fusion,0,0.04171968,0
coco_017939,fusion,0,0.701873,0
coco_017940,fusion,0,0.35025713,1
coco_017949,fusion,0,0.014806665,0
coco_017971,fusion,0,0.07354807,0
coco_017975,fusion,0,0.35025713,1
coco_017984,fusion,0,0.00013567557,0
coco_018021,fusion,0,0.111473955,0
coco_018033,fusion,0,0.35025713,1
coco_018058,fusion,0,0.35025713,1
coco_018060,fusion,0,0.5719684,0
coco_018062,fusion,0,0.16767566,0
coco_018071,fusion,0,0.22642525,0
coco_018094,fusion,0,0.35025713,1
coco_018116,fusion,0,0.1607657,0
coco_018159,fusion,0,0.85129404,0
coco_018211,fusion,0,0.2845141,0
coco_018235,fusion,0,0.08235478,0
coco_018253,fusion,0,0.3866471,0
coco_018307,fusion,0,0.73374325,0
coco_018319,fusion,0,0.26225054,0
coco_018340,fusion,0,0.35025713,1
coco_018358,fusion,0,0.35025713,1
coco_018419,fusion,0,0.43906197,0
coco_018429,fusion,0,0.0009698887,0
coco_018500,fusion,0,0.6812268,0
coco_018549,fusion,0,0.35025713,1
coco_018578,fusion,0,0.09844112,0
coco_018585,fusion,0,0.22371408,0
coco_018599,fusion,0,0.16262868,0
coco_018610,fusion,0,0.23040496,0
coco_018627,fusion,0,0.013848664,0
coco_018632,fusion,0,0.31800717,0
coco_018647,fusion,0,0.35025713,1
coco_018659,fusion,0,0.35025713,1
coco_018683,fusion,0,0.35025713,1
coco_018696,fusion,0,0.35025713,1
coco_018700,fusion,0,0.01206998,0
coco_018701,fusion,0,0.18323871,0
coco_018726,fusion,0,0.071401194,0
coco_018743,fusion,0,0.029869884,0
coco_018780,fusion,0,0.011705475,0
coco_018804,fusion,0,0.29676026,0
coco_018825,fusion,0,0.35025713,1
coco_018834,fusion,0,0.17595375,0
coco_018850,fusion,0,0.6274298,0
coco_018877,fusion,0,0.35025713,1
coco_018879,fusion,0,0.35025713,1
coco_018881,fusion,0,0.43869,0
coco_018938,fusion,0,0.43766373,0
coco_018939,fusion,0,0.20092978,0
coco_018999,fusion,0,0.35025713,1
coco_019003,fusion,0,0.033211526,0
coco_019019,fusion,0,0.47826362,0
coco_019081,fusion,0,0.2800803,0
coco_019099,fusion,0,0.72543037,0
coco_019127,fusion,0,0.35025713,1
coco_019131,fusion,0,0.5279223,0
coco_019137,fusion,0,0.013311389,0
coco_019159,fusion,0,0.35025713,1
coco_019174,fusion,0,0.0025780187,0
coco_019178,fusion,0,0.0073083495,0
coco_019194,fusion,0,0.005706854,0
coco_019211,fusion,0,0.5504363,0
coco_019214,fusion,0,0.8014802,0
coco_019220,fusion,0,0.94964445,0
coco_019230,fusion,0,0.35025713,1
coco_019281,fusion,0,0.52300155,0
coco_019350,fusion,0,0.35025713,1
coco_019367,fusion,0,0.35025713,1
coco_019385,fusion,0,0.27158314,0
coco_019428,fusion,0,0.35025713,1
coco_019431,fusion,0,0.021501468,0
coco_019482,fusion,0,0.35025713,1
coco_019506,fusion,0,0.35025713,1
coco_019518,fusion,0,0.35025713,1
coco_019532,fusion,0,0.1935501,0
coco_019540,fusion,0,0.005250218,0
coco_019601,fusion,0,0.68540025,0
coco_019610,fusion,0,0.07336918,0
coco_019687,fusion,0,0.35025713,1
coco_019702,fusion,0,0.40610763,0
coco_019706,fusion,0,0.35025713,1
coco_019709,fusion,0,0.39293185,0
coco_019719,fusion,0,0.066923924,0
coco_019760,fusion,0,0.007527098,0
coco_019790,fusion,0,0.13700701,0
coco_019815,fusion,0,0.3956595,0
coco_019816,fusion,0,0.35025713,1
coco_019818,fusion,0,0.35025713,1
coco_019838,fusion,0,0.35025713,1
coco_019861,fusion,0,0.26121557,0
coco_019905,fusion,0,0.030149342,0
coco_019920,fusion,0,0.0181349,0
coco_019941,fusion,0,0.032129545,0
coco_019968,fusion,0,0.031440724,0
coco_019994,fusion,0,0.080881074,0
coco_020002,fusion,0,0.20075363,0
coco_020035,fusion,0,0.35025713,1
coco_020078,fusion,0,0.35025713,1
coco_020097,fusion,0,0.028269045,0
coco_020105,fusion,0,0.3834448,0
coco_020119,fusion,0,0.35025713,1
coco_020123,fusion,0,0.35025713,1
coco_020134,fusion,0,0.056331135,0
coco_020135,fusion,0,0.35025713,1
coco_020194,fusion,0,0.16659586,0
coco_020235,fusion,0,0.35025713,1
coco_020241,fusion,0,0.07237814,0
coco_020246,fusion,0,0.9616558,0
coco_020293,fusion,0,0.24934842,0
coco_020313,fusion,0,0.13575871,0
coco_020327,fusion,0,0.101225324,0
coco_020332,fusion,0,0.015289904,0
coco_020333,fusion,0,0.06176696,0
coco_020338,fusion,0,0.0017866675,0
coco_020386,fusion,0,0.6094292,0
coco_020387,fusion,0,0.05703652,0
coco_020408,fusion,0,0.35025713,1
coco_020411,fusion,0,0.0014953912,0
coco_020431,fusion,0,0.35025713,1
coco_020437,fusion,0,0.35025713,1
coco_020477,fusion,0,0.35025713,1
coco_020487,fusion,0,0.35025713,1
coco_020493,fusion,0,0.028602917,0
coco_020501,fusion,0,0.35025713,1
coco_020542,fusion,0,0.35025713,1
coco_020576,fusion,0,0.81716824,0
coco_020592,fusion,0,0.17566513,1
coco_020594,fusion,0,0.35025713,1
coco_020619,fusion,0,0.35025713,1
coco_020645,fusion,0,0.98921585,0
coco_020662,fusion,0,0.46039605,0
coco_020686,fusion,0,0.46953982,0
coco_020738,fusion,0,0.17826103,0
coco_020752,fusion,0,0.48703772,0
coco_020762,fusion,0,0.35025713,1
coco_020763,fusion,0,0.8373505,0
coco_020764,fusion,0,0.07595556,0
coco_020772,fusion,0,0.35025713,1
coco_020794,fusion,0,0.01111142,0
coco_020838,fusion,0,0.35025713,1
coco_020890,fusion,0,0.35025713,1
coco_020914,fusion,0,0.9903741,0
coco_020940,fusion,0,0.00060824957,0
coco_020993,fusion,0,0.35025713,1
coco_021013,fusion,0,0.35025713,1
coco_021028,fusion,0,0.299367,0
coco_021077,fusion,0,0.1781,0
coco_021079,fusion,0,0.15505709,0
coco_021096,fusion,0,0.34273952,0
coco_021100,fusion,0,0.35025713,1
coco_021127,fusion,0,0.0001124891,0
coco_021133,fusion,0,0.35025713,1
coco_021154,fusion,0,0.15881376,0
coco_021169,fusion,0,0.35025713,1
coco_021225,fusion,0,0.3923418,0
coco_021233,fusion,0,0.35025713,1
coco_021276,fusion,0,0.8968857,0
coco_021282,fusion,0,0.43684354,0
coco_021304,fusion,0,0.7360492,0
coco_021349,fusion,0,0.35025713,1
coco_021402,fusion,0,0.24924742,0
coco_021406,fusion,0,0.44642776,0
coco_021418,fusion,0,0.1848025,0
coco_021442,fusion,0,0.031681363,0
coco_021475,fusion,0,0.65822285,0
coco_021480,fusion,0,0.14847946,0
coco_021484,fusion,0,0.27402934,0
coco_021497,fusion,0,0.010524814,0
coco_021521,fusion,0,0.0037396937,0
coco_021531,fusion,0,0.35025713,1
coco_021549,fusion,0,0.0082984865,0
coco_021561,fusion,0,0.82121384,0
coco_021562,fusion,0,0.35025713,1
coco_021565,fusion,0,0.13491292,0
coco_021597,fusion,0,0.36544666,0
coco_021599,fusion,0,0.11467096,0
coco_021679,fusion,0,0.98787874,0
coco_021703,fusion,0,0.42543942,0
coco_021722,fusion,0,0.08256616,0
coco_021741,fusion,0,0.016084474,0
coco_021769,fusion,0,0.22177319,0
coco_021800,fusion,0,0.7210866,0
coco_021815,fusion,0,0.46905142,0
coco_021829,fusion,0,0.010042436,0
coco_021836,fusion,0,0.19951747,0
coco_021844,fusion,0,0.35025713,1
coco_021874,fusion,0,0.781079,0
coco_021878,fusion,0,0.35025713,1
coco_021889,fusion,0,0.35025713,1
coco_021891,fusion,0,0.0027842382,0
coco_021905,fusion,0,0.35025713,1
coco_021907,fusion,0,0.06266669,0
coco_021942,fusion,0,0.004067522,0
coco_022014,fusion,0,0.35025713,1
coco_022026,fusion,0,0.6131878,0
coco_022038,fusion,0,0.14601485,0
coco_022081,fusion,0,0.6827003,0
coco_022087,fusion,0,0.35025713,1
coco_022111,fusion,0,0.35025713,1
coco_022133,fusion,0,0.30599606,0
coco_022169,fusion,0,0.06677206,0
coco_022193,fusion,0,0.051951732,0
coco_022218,fusion,0,0.20597354,0
coco_022236,fusion,0,0.35025713,1
coco_022270,fusion,0,0.35025713,1
coco_022272,fusion,0,0.25458416,0
coco_022280,fusion,0,0.96031535,0
coco_022293,fusion,0,0.108591996,0
coco_022317,fusion,0,0.35025713,1
coco_022320,fusion,0,0.35025713,1
coco_022322,fusion,0,0.35025713,1
coco_022367,fusion,0,0.9105189,0
coco_022370,fusion,0,0.35025713,1
coco_022372,fusion,0,0.35025713,1
coco_022399,fusion,0,0.35025713,1
coco_022407,fusion,0,0.35025713,1
coco_022419,fusion,0,0.01785765,0
coco_022443,fusion,0,0.35025713,1
coco_022461,fusion,0,0.043015108,0
coco_022472,fusion,0,0.46352032,0
coco_022498,fusion,0,0.16804217,0
coco_022544,fusion,0,0.35025713,1
coco_022546,fusion,0,0.08860854,0
coco_022547,fusion,0,0.0050506634,0
coco_022554,fusion,0,0.9176163,0
coco_022591,fusion,0,0.085296534,0
coco_022655,fusion,0,0.9478955,0
coco_022682,fusion,0,0.35025713,1
coco_022827,fusion,0,0.19328599,0
coco_022840,fusion,0,0.7845386,0
coco_022860,fusion,0,0.17962328,0
coco_022864,fusion,0,0.35025713,1
coco_022876,fusion,0,0.06688342,0
coco_022902,fusion,0,0.21951418,0
coco_022935,fusion,0,0.0012552957,0
coco_022938,fusion,0,0.025126109,0
coco_022966,fusion,0,0.6503963,0
coco_022967,fusion,0,0.41855127,0
coco_022976,fusion,0,0.35025713,1
coco_023030,fusion,0,0.25488123,0
coco_023036,fusion,0,0.76230145,0
coco_023060,fusion,0,0.35025713,1
coco_023089,fusion,0,0.35025713,1
coco_023101,fusion,0,0.7957572,0
coco_023102,fusion,0,0.117039844,0
coco_023113,fusion,0,0.35025713,1
coco_023120,fusion,0,0.08843799,0
coco_023122,fusion,0,0.38447216,0
coco_023123,fusion,0,0.29517996,0
coco_023182,fusion,0,0.07037514,0
coco_023195,fusion,0,0.4287191,0
coco_023236,fusion,0,0.0008225819,0
coco_023281,fusion,0,0.10835994,0
coco_023291,fusion,0,0.35025713,1
coco_023295,fusion,0,0.017775794,0
coco_023302,fusion,0,0.12880023,0
coco_023337,fusion,0,0.8471118,0
coco_023358,fusion,0,0.04788997,0
coco_023399,fusion,0,0.29846126,0
coco_023403,fusion,0,0.044852275,0
coco_023414,fusion,0,0.0049408143,0
coco_023457,fusion,0,0.07235666,0
coco_023482,fusion,0,0.102885075,0
coco_023494,fusion,0,0.35025713,1
coco_023497,fusion,0,0.010854483,0
coco_023517,fusion,0,0.57359606,0
coco_023534,fusion,0,0.35025713,1
coco_023542,fusion,0,0.35025713,1
coco_023566,fusion,0,0.03919492,0
coco_023586,fusion,0,0.2545383,0
coco_023588,fusion,0,0.14851576,0
coco_023606,fusion,0,0.35025713,1
coco_023630,fusion,0,0.66190743,0
coco_023633,fusion,0,0.35025713,1
coco_023637,fusion,0,0.019365404,0
coco_023664,fusion,0,0.03266632,0
coco_023671,fusion,0,0.48801047,0
coco_023705,fusion,0,0.11269158,0
coco_023706,fusion,0,0.004126801,0
coco_023710,fusion,0,0.89006084,0
coco_023714,fusion,0,0.40334535,0
coco_023729,fusion,0,0.11961814,0
coco_023737,fusion,0,0.0077172047,0
coco_023743,fusion,0,0.35025713,1
coco_023757,fusion,0,0.35025713,1
coco_023762,fusion,0,0.35025713,1
coco_023801,fusion,0,0.05269017,0
coco_023817,fusion,0,0.6260456,0
coco_023860,fusion,0,0.35025713,1
coco_023874,fusion,0,0.39200565,0
coco_023878,fusion,0,0.05141433,0
coco_023888,fusion,0,0.82233053,0
coco_023902,fusion,0,0.50187314,0
coco_023914,fusion,0,0.17214534,0
coco_023916,fusion,0,0.35025713,1
coco_023929,fusion,0,0.35025713,1
coco_023938,fusion,0,0.041687973,0
coco_023939,fusion,0,0.0073496657,0
coco_023946,fusion,0,0.90362144,0
coco_023972,fusion,0,0.35025713,1
coco_023987,fusion,0,0.6039687,0
coco_023988,fusion,0,0.0021238835,0
coco_023996,fusion,0,0.03435363,0
coco_023999,fusion,0,0.11297844,0
coco_024011,fusion,0,0.06775111,0
coco_024047,fusion,0,0.015308079,0
coco_024087,fusion,0,0.96026146,0
coco_024092,fusion,0,0.19575363,0
coco_024117,fusion,0,0.082870774,0
coco_024125,fusion,0,0.23844835,0
coco_024127,fusion,0,0.367342,0
coco_024131,fusion,0,0.0049432623,0
coco_024168,fusion,0,0.0745567,0
coco_024173,fusion,0,0.35025713,1
coco_024176,fusion,0,0.35025713,1
coco_024186,fusion,0,0.35025713,1
coco_024209,fusion,0,0.17043787,0
coco_024227,fusion,0,0.35025713,1
coco_024250,fusion,0,0.0014952822,0
coco_024274,fusion,0,0.35025713,1
coco_024288,fusion,0,0.35025713,1
coco_024301,fusion,0,0.35025713,1
coco_024317,fusion,0,0.35025713,1
coco_024345,fusion,0,0.026642632,0
coco_024470,fusion,0,0.35025713,1
coco_024535,fusion,0,0.35025713,1
coco_024552,fusion,0,0.35025713,1
coco_024634,fusion,0,0.35025713,1
coco_024669,fusion,0,0.052125774,0
coco_024681,fusion,0,0.1413918,0
coco_024736,fusion,0,0.54343045,0
coco_024765,fusion,0,0.35025713,1
coco_024842,fusion,0,0.35025713,1
coco_024901,fusion,0,0.10642825,0
coco_024940,fusion,0,0.04046099,0
coco_024945,fusion,0,0.17978337,0
coco_024947,fusion,0,0.29370642,0
coco_024950,fusion,0,0.35025713,1
coco_024951,fusion,0,0.014890491,0
coco_024962,fusion,0,0.0072720866,0
coco_025018,fusion,0,0.4589492,0
coco_025026,fusion,0,0.07674655,0
coco_025065,fusion,0,0.057885677,0
coco_025084,fusion,0,0.35025713,1
coco_025096,fusion,0,0.61362535,0
coco_025118,fusion,0,0.07430238,0
coco_025126,fusion,0,0.74573267,0
coco_025131,fusion,0,0.16236342,0
coco_025139,fusion,0,0.37162784,0
coco_025177,fusion,0,0.55813533,0
coco_025194,fusion,0,0.35025713,1
coco_025196,fusion,0,0.91439235,0
coco_025213,fusion,0,0.35025713,1
coco_025240,fusion,0,0.31533086,0
coco_025242,fusion,0,0.0007755528,0
coco_025254,fusion,0,0.004007822,0
coco_025276,fusion,0,0.35025713,1
coco_025308,fusion,0,0.35025713,1
coco_025325,fusion,0,0.09489223,0
coco_025360,fusion,0,0.076076455,0
coco_025367,fusion,0,0.35025713,1
coco_025370,fusion,0,0.027266294,0
coco_025477,fusion,0,0.06464585,0
coco_025494,fusion,0,0.35025713,1
coco_025499,fusion,0,0.35025713,1
coco_025537,fusion,0,0.35025713,1
coco_025542,fusion,0,0.18643099,0
coco_025590,fusion,0,0.5144036,0
coco_025595,fusion,0,0.40123725,0
coco_025621,fusion,0,0.35025713,1
coco_025634,fusion,0,0.35025713,1
coco_025655,fusion,0,0.11267986,0
coco_025667,fusion,0,0.64789766,0
coco_025709,fusion,0,0.710032,0
coco_025738,fusion,0,0.35025713,1
coco_025765,fusion,0,0.11969826,0
coco_025786,fusion,0,0.35025713,1
coco_025856,fusion,0,0.6635159,0
coco_025870,fusion,0,0.85240275,0
coco_025876,fusion,0,0.5390795,0
coco_025890,fusion,0,0.3801587,0
coco_025925,fusion,0,0.95101905,0
coco_025946,fusion,0,0.074251,0
coco_025999,fusion,0,0.35025713,1
coco_026035,fusion,0,0.08727177,0
coco_026084,fusion,0,0.35025713,1
coco_026121,fusion,0,0.33429295,0
coco_026125,fusion,0,0.35025713,1
coco_026143,fusion,0,0.06557734,0
coco_026197,fusion,0,0.35025713,1
coco_026235,fusion,0,0.41583645,0
coco_026273,fusion,0,0.06286267,0
coco_026282,fusion,0,0.35025713,1
coco_026305,fusion,0,0.13754492,0
coco_026310,fusion,0,0.35025713,1
coco_026331,fusion,0,0.35025713,1
coco_026332,fusion,0,0.9628112,0
coco_026352,fusion,0,0.35025713,1
coco_026366,fusion,0,0.35025713,1
coco_026370,fusion,0,0.8044628,0
coco_026390,fusion,0,0.15502566,0
coco_026439,fusion,0,0.35025713,1
coco_026474,fusion,0,0.18779337,0
coco_026508,fusion,0,0.011737164,0
coco_026517,fusion,0,0.35025713,1
coco_026518,fusion,0,0.003243926,0
coco_026532,fusion,0,0.35025713,1
coco_026563,fusion,0,0.35025713,1
coco_026586,fusion,0,0.32840014,0
coco_026636,fusion,0,0.07325013,0
coco_026697,fusion,0,0.37023515,0
coco_026713,fusion,0,0.35025713,1
coco_026758,fusion,0,0.35025713,1
coco_026763,fusion,0,0.942674,0
coco_026769,fusion,0,0.16146944,0
coco_026858,fusion,0,0.35025713,1
coco_026871,fusion,0,0.06785211,0
coco_026873,fusion,0,0.95426446,0
coco_026889,fusion,0,0.029260332,0
coco_026979,fusion,0,0.014945486,0
coco_026999,fusion,0,0.35025713,1
coco_027029,fusion,0,0.023850776,0
coco_027042,fusion,0,0.70048285,0
coco_027062,fusion,0,0.020724276,0
coco_027104,fusion,0,0.8444159,0
coco_027105,fusion,0,0.022311313,0
coco_027129,fusion,0,0.07397406,0
coco_027137,fusion,0,0.520829,0
coco_027145,fusion,0,0.32277063,0
coco_027182,fusion,0,0.16813886,0
coco_027193,fusion,0,0.3977712,0
coco_027204,fusion,0,0.18662496,0
coco_027222,fusion,0,0.011200892,0
coco_027253,fusion,0,0.35025713,1
coco_027254,fusion,0,0.007934397,0
coco_027294,fusion,0,0.35025713,1
coco_027321,fusion,0,0.007671797,0
coco_027390,fusion,0,0.098636426,0
coco_027394,fusion,0,0.0584078,0
coco_027451,fusion,0,0.89793766,0
coco_027471,fusion,0,0.9883244,0
coco_027532,fusion,0,0.29859698,0
coco_027643,fusion,0,0.35025713,1
coco_027773,fusion,0,0.361626,0
coco_027830,fusion,0,0.038182154,0
coco_027848,fusion,0,0.0073572816,0
coco_027882,fusion,0,0.8723206,0
coco_027902,fusion,0,0.74913144,0
coco_027921,fusion,0,0.35025713,1
coco_027940,fusion,0,0.093139656,0
coco_027974,fusion,0,0.57548654,0
coco_027978,fusion,0,0.17311928,0
coco_027979,fusion,0,0.3450995,0
coco_027995,fusion,0,0.0041505266,0
coco_028017,fusion,0,0.659766,0
coco_028022,fusion,0,0.10477853,0
coco_028060,fusion,0,0.35025713,1
coco_028070,fusion,0,0.35025713,1
coco_028078,fusion,0,0.19918126,0
coco_028080,fusion,0,0.14171654,0
coco_028085,fusion,0,0.124798186,0
coco_028099,fusion,0,0.35025713,1
coco_028113,fusion,0,0.35025713,1
coco_028131,fusion,0,0.070705,0
coco_028152,fusion,0,0.010893277,0
coco_028154,fusion,0,0.055577803,0
coco_028177,fusion,0,0.06030972,0
coco_028185,fusion,0,0.15456998,0
coco_028201,fusion,0,0.35025713,1
coco_028227,fusion,0,0.03721839,0
coco_028246,fusion,0,0.35025713,1
coco_028253,fusion,0,0.107471816,0
coco_028291,fusion,0,0.35025713,1
coco_028326,fusion,0,0.35025713,1
coco_028361,fusion,0,0.059329074,0
coco_028423,fusion,0,0.47607982,0
coco_028474,fusion,0,0.01159897,0
coco_028477,fusion,0,0.35025713,1
coco_028483,fusion,0,0.036856946,0
coco_028546,fusion,0,0.036853123,0
coco_028558,fusion,0,0.3815584,0
coco_028567,fusion,0,0.01249576,0
coco_028570,fusion,0,0.0054963934,0
coco_028594,fusion,0,0.35025713,1
coco_028621,fusion,0,0.930108,0
coco_028681,fusion,0,0.7167573,0
coco_028696,fusion,0,0.06307167,0
coco_028698,fusion,0,0.2407836,0
coco_028721,fusion,0,0.28767353,0
coco_028726,fusion,0,0.14692661,0
coco_028763,fusion,0,0.4244378,0
coco_028764,fusion,0,0.09996898,0
coco_028795,fusion,0,0.014295595,0
coco_028834,fusion,0,0.35025713,1
coco_028840,fusion,0,0.35025713,1
coco_028862,fusion,0,0.043942727,0
coco_028889,fusion,0,0.005931136,0
coco_028893,fusion,0,0.0007267749,0
coco_028915,fusion,0,0.0833757,0
coco_028971,fusion,0,0.09300532,0
coco_028991,fusion,0,0.35025677,1
coco_029021,fusion,0,0.35025677,1
coco_029094,fusion,0,0.0015683576,0
coco_029123,fusion,0,0.037517734,0
coco_029130,fusion,0,0.046821773,0
coco_029150,fusion,0,0.05612045,0
coco_029174,fusion,0,0.094412714,0
coco_029180,fusion,0,0.35025677,1
coco_029198,fusion,0,0.004893577,0
coco_029207,fusion,0,0.16451296,0
coco_029282,fusion,0,0.35025677,1
coco_029305,fusion,0,0.6476222,0
coco_029309,fusion,0,0.34883142,0
coco_029327,fusion,0,0.2119375,0
coco_029336,fusion,0,0.009366525,0
coco_029340,fusion,0,0.15040787,0
coco_029375,fusion,0,0.35025677,1
coco_029397,fusion,0,0.5597519,0
coco_029442,fusion,0,0.02614359,0
coco_029494,fusion,0,0.29115734,1
coco_029534,fusion,0,0.1965671,0
coco_029578,fusion,0,0.95517254,0
coco_029596,fusion,0,0.35025677,1
coco_029607,fusion,0,0.35025677,1
coco_029643,fusion,0,0.35025677,1
coco_029663,fusion,0,0.0021720799,0
coco_029667,fusion,0,0.5692377,0
coco_029679,fusion,0,0.35025677,1
coco_029697,fusion,0,0.35025677,1
coco_029775,fusion,0,0.6407231,0
coco_029787,fusion,0,0.34564367,0
coco_029792,fusion,0,0.35025677,1
coco_029832,fusion,0,0.029747622,0
coco_029835,fusion,0,0.041150834,0
coco_029849,fusion,0,0.24417208,0
coco_029860,fusion,0,0.018768108,0
coco_029876,fusion,0,0.02418418,0
coco_029916,fusion,0,0.35025677,1
coco_029946,fusion,0,0.50375223,0
coco_029952,fusion,0,0.07055281,0
coco_029960,fusion,0,0.40359834,0
coco_029971,fusion,0,0.35025677,1
coco_029976,fusion,0,0.24907614,0
coco_029977,fusion,0,0.83751065,0
coco_029997,fusion,0,0.35025677,1
