gerador,lado_nativo,auc_medida,auc_publicada,diferenca_pp
glide,256,,0.902,
stable_diffusion_1_3,512,0.961748253968254,0.996,-3.4251746031745967
stable_diffusion_1_4,512,0.962558253968254,0.996,-3.344174603174599
flux,896,0.5636469841269841,0.83,-26.635301587301583
stable_diffusion_2,1000,0.7158211111111111,0.965,-24.917888888888882
stable_diffusion_xl,1000,0.8513015873015873,0.974,-12.269841269841264
dalle2,1024,0.6950195238095237,0.911,-21.598047619047634
stable_diffusion_3,1024,0.6079544444444445,0.759,-15.104555555555555
gigagan,1024,0.6889073015873016,0.854,-16.509269841269834
midjourney_v6_1,1040,0.6260098522167488,0.84,-21.39901477832512
dalle3,1080,0.654508253968254,0.902,-24.749174603174605
midjourney_v5,1100,0.7000312698412698,0.945,-24.49687301587301
adobe_firefly,2050,0.7708119047619048,0.96,-18.91880952380952
