protocol,technique,technique_name,condition,seed,status,error
robustness,T01,"Coocorrencia RGB + CNN (Nataraj et al., 2019)",clean,,erro,T01: fit() deve ser chamado antes de predict_proba()
robustness,T03,"Lei de Benford sobre DCT (Bonettini et al., 2020)",clean,,erro,T03: fit() deve ser chamado antes de predict_proba()
robustness,T05,Arquitetura hibrida (proposta),clean,,erro,T05: fit() deve ser chamado antes de predict_proba()
robustness,T01,"Coocorrencia RGB + CNN (Nataraj et al., 2019)",jpeg_q50,,erro,T01: fit() deve ser chamado antes de predict_proba()
robustness,T03,"Lei de Benford sobre DCT (Bonettini et al., 2020)",jpeg_q50,,erro,T03: fit() deve ser chamado antes de predict_proba()
robustness,T05,Arquitetura hibrida (proposta),jpeg_q50,,erro,T05: fit() deve ser chamado antes de predict_proba()
robustness,T01,"Coocorrencia RGB + CNN (Nataraj et al., 2019)",jpeg_q70,,erro,T01: fit() deve ser chamado antes de predict_proba()
robustness,T03,"Lei de Benford sobre DCT (Bonettini et al., 2020)",jpeg_q70,,erro,T03: fit() deve ser chamado antes de predict_proba()
robustness,T05,Arquitetura hibrida (proposta),jpeg_q70,,erro,T05: fit() deve ser chamado antes de predict_proba()
robustness,T01,"Coocorrencia RGB + CNN (Nataraj et al., 2019)",jpeg_q85,,erro,T01: fit() deve ser chamado antes de predict_proba()
robustness,T03,"Lei de Benford sobre DCT (Bonettini et al., 2020)",jpeg_q85,,erro,T03: fit() deve ser chamado antes de predict_proba()
robustness,T05,Arquitetura hibrida (proposta),jpeg_q85,,erro,T05: fit() deve ser chamado antes de predict_proba()
robustness,T01,"Coocorrencia RGB + CNN (Nataraj et al., 2019)",noise_sigma1,,erro,T01: fit() deve ser chamado antes de predict_proba()
robustness,T03,"Lei de Benford sobre DCT (Bonettini et al., 2020)",noise_sigma1,,erro,T03: fit() deve ser chamado antes de predict_proba()
robustness,T05,Arquitetura hibrida (proposta),noise_sigma1,,erro,T05: fit() deve ser chamado antes de predict_proba()
robustness,T01,"Coocorrencia RGB + CNN (Nataraj et al., 2019)",noise_sigma3,,erro,T01: fit() deve ser chamado antes de predict_proba()
robustness,T03,"Lei de Benford sobre DCT (Bonettini et al., 2020)",noise_sigma3,,erro,T03: fit() deve ser chamado antes de predict_proba()
robustness,T05,Arquitetura hibrida (proposta),noise_sigma3,,erro,T05: fit() deve ser chamado antes de predict_proba()
robustness,T01,"Coocorrencia RGB + CNN (Nataraj et al., 2019)",noise_sigma5,,erro,T01: fit() deve ser chamado antes de predict_proba()
robustness,T03,"Lei de Benford sobre DCT (Bonettini et al., 2020)",noise_sigma5,,erro,T03: fit() deve ser chamado antes de predict_proba()
robustness,T05,Arquitetura hibrida (proposta),noise_sigma5,,erro,T05: fit() deve ser chamado antes de predict_proba()
robustness,T01,"Coocorrencia RGB + CNN (Nataraj et al., 2019)",resize_50,,erro,T01: fit() deve ser chamado antes de predict_proba()
robustness,T03,"Lei de Benford sobre DCT (Bonettini et al., 2020)",resize_50,,erro,T03: fit() deve ser chamado antes de predict_proba()
robustness,T05,Arquitetura hibrida (proposta),resize_50,,erro,T05: fit() deve ser chamado antes de predict_proba()
robustness,T01,"Coocorrencia RGB + CNN (Nataraj et al., 2019)",resize_70,,erro,T01: fit() deve ser chamado antes de predict_proba()
robustness,T03,"Lei de Benford sobre DCT (Bonettini et al., 2020)",resize_70,,erro,T03: fit() deve ser chamado antes de predict_proba()
robustness,T05,Arquitetura hibrida (proposta),resize_70,,erro,T05: fit() deve ser chamado antes de predict_proba()
robustness,T01,"Coocorrencia RGB + CNN (Nataraj et al., 2019)",resize_85,,erro,T01: fit() deve ser chamado antes de predict_proba()
robustness,T03,"Lei de Benford sobre DCT (Bonettini et al., 2020)",resize_85,,erro,T03: fit() deve ser chamado antes de predict_proba()
robustness,T05,Arquitetura hibrida (proposta),resize_85,,erro,T05: fit() deve ser chamado antes de predict_proba()
