protocol,technique,condition,seed,generator,accuracy,auc,f1,fn,fnr,fp,fpr,n_samples,precision,recall,tn,tp
ood,T01,clean,,adobe_firefly,0.8368674698795181,0.8435534920634921,0.5441077441077441,596.0,0.596,81.0,0.025714285714285714,4150.0,0.8329896907216495,0.404,3069.0,404.0
ood,T01,clean,,dalle2,0.899277108433735,0.9231403174603174,0.7603211009174312,337.0,0.337,81.0,0.025714285714285714,4150.0,0.8911290322580645,0.663,3069.0,663.0
ood,T01,clean,,dalle3,0.7539759036144579,0.562718253968254,0.10517090271691498,940.0,0.94,81.0,0.025714285714285714,4150.0,0.425531914893617,0.06,3069.0,60.0
ood,T01,clean,,flux,0.8853012048192771,0.9102873015873016,0.7176749703440095,395.0,0.395,81.0,0.025714285714285714,4150.0,0.8819241982507289,0.605,3069.0,605.0
ood,T01,clean,,gigagan,0.8698795180722891,0.8725638095238096,0.6670776818742293,459.0,0.459,81.0,0.025714285714285714,4150.0,0.8697749196141479,0.541,3069.0,541.0
ood,T01,clean,,midjourney_v5,0.8930120481927711,0.9354690476190474,0.7415599534342259,363.0,0.363,81.0,0.025714285714285714,4150.0,0.8871866295264624,0.637,3069.0,637.0
ood,T01,clean,,midjourney_v6_1,0.8954593453009504,0.839577797681246,0.6199616122840691,315.0,0.493730407523511,81.0,0.025714285714285714,3788.0,0.7995049504950495,0.5062695924764891,3069.0,323.0
ood,T01,clean,,stable_diffusion_1_3,0.8180722891566266,0.8593441269841269,0.4633972992181947,674.0,0.674,81.0,0.025714285714285714,4150.0,0.800982800982801,0.326,3069.0,326.0
ood,T01,clean,,stable_diffusion_1_4,0.8173493975903614,0.8575201587301586,0.4601139601139601,677.0,0.677,81.0,0.025714285714285714,4150.0,0.7995049504950495,0.323,3069.0,323.0
ood,T01,clean,,stable_diffusion_2,0.8359036144578313,0.9052204761904762,0.5401755570560433,600.0,0.6,81.0,0.025714285714285714,4150.0,0.8316008316008316,0.4,3069.0,400.0
ood,T01,clean,,stable_diffusion_3,0.7462650602409638,0.3497523809523809,0.05049594229035167,972.0,0.972,81.0,0.025714285714285714,4150.0,0.25688073394495414,0.028,3069.0,28.0
ood,T01,clean,,stable_diffusion_xl,0.8667469879518073,0.936451746031746,0.656308266003729,472.0,0.472,81.0,0.025714285714285714,4150.0,0.8669950738916257,0.528,3069.0,528.0
ood,T02,clean,,adobe_firefly,0.7848192771084337,0.7708119047619048,0.37943015983321754,727.0,0.727,166.0,0.052698412698412696,4150.0,0.621867881548975,0.273,2984.0,273.0
ood,T02,clean,,dalle2,0.7640963855421686,0.6950195238095237,0.2764227642276423,813.0,0.813,166.0,0.052698412698412696,4150.0,0.5297450424929179,0.187,2984.0,187.0
ood,T02,clean,,dalle3,0.7573493975903615,0.654508253968254,0.24,841.0,0.841,166.0,0.052698412698412696,4150.0,0.48923076923076925,0.159,2984.0,159.0
ood,T02,clean,,flux,0.7419277108433735,0.5636469841269841,0.1506740681998414,905.0,0.905,166.0,0.052698412698412696,4150.0,0.36398467432950193,0.095,2984.0,95.0
ood,T02,clean,,gigagan,0.7551807228915662,0.6889073015873016,0.22796352583586627,850.0,0.85,166.0,0.052698412698412696,4150.0,0.47468354430379744,0.15,2984.0,150.0
ood,T02,clean,,midjourney_v5,0.7679518072289157,0.7000312698412698,0.29656683710737763,797.0,0.797,166.0,0.052698412698412696,4150.0,0.5501355013550135,0.203,2984.0,203.0
ood,T02,clean,,midjourney_v6_1,0.8107180570221753,0.6260098522167488,0.19528619528619529,551.0,0.8636363636363636,166.0,0.052698412698412696,3788.0,0.3438735177865613,0.13636363636363635,2984.0,87.0
ood,T02,clean,,stable_diffusion_1_3,0.9178313253012048,0.961748253968254,0.8287292817679558,175.0,0.175,166.0,0.052698412698412696,4150.0,0.8324924318869829,0.825,2984.0,825.0
ood,T02,clean,,stable_diffusion_1_4,0.9163855421686747,0.962558253968254,0.8251889168765743,181.0,0.181,166.0,0.052698412698412696,4150.0,0.8314720812182741,0.819,2984.0,819.0
ood,T02,clean,,stable_diffusion_2,0.7828915662650603,0.7158211111111111,0.37037037037037035,735.0,0.735,166.0,0.052698412698412696,4150.0,0.6148491879350348,0.265,2984.0,265.0
ood,T02,clean,,stable_diffusion_3,0.7419277108433735,0.6079544444444445,0.1506740681998414,905.0,0.905,166.0,0.052698412698412696,4150.0,0.36398467432950193,0.095,2984.0,95.0
ood,T02,clean,,stable_diffusion_xl,0.8378313253012049,0.8513015873015873,0.594333936106088,507.0,0.507,166.0,0.052698412698412696,4150.0,0.7481031866464339,0.493,2984.0,493.0
ood,T03,clean,,adobe_firefly,0.6351807228915662,0.5487077777777778,0.26576139670223087,726.0,0.726,788.0,0.25015873015873014,4150.0,0.2580037664783427,0.274,2362.0,274.0
ood,T03,clean,,dalle2,0.6739759036144578,0.6518874603174605,0.3913630229419703,565.0,0.565,788.0,0.25015873015873014,4150.0,0.35568274734260014,0.435,2362.0,435.0
ood,T03,clean,,dalle3,0.6359036144578313,0.5546309523809523,0.2682808716707022,723.0,0.723,788.0,0.25015873015873014,4150.0,0.26009389671361505,0.277,2362.0,277.0
ood,T03,clean,,flux,0.7202409638554217,0.7558447619047619,0.5192546583850932,373.0,0.373,788.0,0.25015873015873014,4150.0,0.4431095406360424,0.627,2362.0,627.0
ood,T03,clean,,gigagan,0.688433734939759,0.6584225396825398,0.4336399474375821,505.0,0.505,788.0,0.25015873015873014,4150.0,0.3858144972720187,0.495,2362.0,495.0
ood,T03,clean,,midjourney_v5,0.6566265060240963,0.6105792063492064,0.33751743375174337,637.0,0.637,788.0,0.25015873015873014,4150.0,0.315377932232841,0.363,2362.0,363.0
ood,T03,clean,,midjourney_v6_1,0.7043294614572334,0.6585724237448374,0.3533487297921478,332.0,0.5203761755485894,788.0,0.25015873015873014,3788.0,0.2797074954296161,0.47962382445141066,2362.0,306.0
ood,T03,clean,,stable_diffusion_1_3,0.6310843373493976,0.5418550793650795,0.25134474327628364,743.0,0.743,788.0,0.25015873015873014,4150.0,0.24593301435406698,0.257,2362.0,257.0
ood,T03,clean,,stable_diffusion_1_4,0.623855421686747,0.5392409523809525,0.22531017369727047,773.0,0.773,788.0,0.25015873015873014,4150.0,0.22364532019704433,0.227,2362.0,227.0
ood,T03,clean,,stable_diffusion_2,0.7378313253012048,0.8016811111111112,0.5627009646302251,300.0,0.3,788.0,0.25015873015873014,4150.0,0.47043010752688175,0.7,2362.0,700.0
ood,T03,clean,,stable_diffusion_3,0.6385542168674698,0.5451433333333332,0.2774566473988439,712.0,0.712,788.0,0.25015873015873014,4150.0,0.26765799256505574,0.288,2362.0,288.0
ood,T03,clean,,stable_diffusion_xl,0.673012048192771,0.6464322222222222,0.38846327174402884,569.0,0.569,788.0,0.25015873015873014,4150.0,0.3535684987694832,0.431,2362.0,431.0
ood,T05,clean,,adobe_firefly,0.8337349397590361,0.7778768253968255,0.5638432364096081,554.0,0.554,136.0,0.04317460317460318,4150.0,0.7663230240549829,0.446,3014.0,446.0
ood,T05,clean,,dalle2,0.8898795180722892,0.8903377777777778,0.7482093663911846,321.0,0.321,136.0,0.04317460317460318,4150.0,0.8331288343558282,0.679,3014.0,679.0
ood,T05,clean,,dalle3,0.7571084337349397,0.6142052380952381,0.20253164556962025,872.0,0.872,136.0,0.04317460317460318,4150.0,0.48484848484848486,0.128,3014.0,128.0
ood,T05,clean,,flux,0.8713253012048193,0.8678704761904763,0.6927502876869965,398.0,0.398,136.0,0.04317460317460318,4150.0,0.8157181571815718,0.602,3014.0,602.0
ood,T05,clean,,gigagan,0.8556626506024096,0.8300449206349207,0.6419605499103407,463.0,0.463,136.0,0.04317460317460318,4150.0,0.7979197622585439,0.537,3014.0,537.0
ood,T05,clean,,midjourney_v5,0.8804819277108433,0.8664853968253968,0.7207207207207207,360.0,0.36,136.0,0.04317460317460318,4150.0,0.8247422680412371,0.64,3014.0,640.0
ood,T05,clean,,midjourney_v6_1,0.8788278775079198,0.8249106831865453,0.5785123966942148,323.0,0.5062695924764891,136.0,0.04317460317460318,3788.0,0.6984478935698448,0.493730407523511,3014.0,315.0
ood,T05,clean,,stable_diffusion_1_3,0.8819277108433735,0.9268622222222224,0.7250280583613917,354.0,0.354,136.0,0.04317460317460318,4150.0,0.8260869565217391,0.646,3014.0,646.0
ood,T05,clean,,stable_diffusion_1_4,0.8833734939759036,0.9308349206349206,0.7293064876957495,348.0,0.348,136.0,0.04317460317460318,4150.0,0.8274111675126904,0.652,3014.0,652.0
ood,T05,clean,,stable_diffusion_2,0.8486746987951808,0.8914384126984127,0.6180048661800487,492.0,0.492,136.0,0.04317460317460318,4150.0,0.7888198757763976,0.508,3014.0,508.0
ood,T05,clean,,stable_diffusion_3,0.7465060240963856,0.5489328571428571,0.1377049180327869,916.0,0.916,136.0,0.04317460317460318,4150.0,0.38181818181818183,0.084,3014.0,84.0
ood,T05,clean,,stable_diffusion_xl,0.8874698795180723,0.9050438095238095,0.7412742382271468,331.0,0.331,136.0,0.04317460317460318,4150.0,0.831055900621118,0.669,3014.0,669.0
