arquivo,split,label,object_shadow,perspective_fields,line_segment,n_retas
r000da54ft,test,0,0.23202359676361084,0.1320008933544159,0.3747618794441223,94
r001d260dt,test,0,0.2899984121322632,5.406896264048555e-08,0.024956747889518738,222
r002fc3e2t,test,0,0.3502582907676697,0.005484015680849552,0.19132202863693237,54
r00444b95t,test,0,0.024354686960577965,8.703311493718502e-08,0.07362742722034454,152
r005f3e70t,test,0,0.0612165704369545,4.480103896371823e-13,0.00246736453846097,72
r00617aa1t,test,0,0.3502582907676697,0.012688959948718548,0.05882418900728226,156
r00679daet,test,0,0.3502582907676697,3.387475589988753e-05,0.03694228455424309,30
r006b0e4bt,test,0,0.0887085571885109,0.0012306864373385906,0.1276787966489792,35
r006fcc20t,test,0,0.1823296695947647,5.378307150749606e-07,0.23951329290866852,14
r007f5116t,test,0,0.3502582907676697,1.3717691160763934e-07,0.0007662858115509152,104
r00816405t,test,0,0.610875129699707,6.665770797553705e-07,0.0018598028691485524,21
r00869422t,test,0,0.3502582907676697,0.4319709539413452,0.3778262138366699,128
r00879054t,test,0,0.3502582907676697,0.7908015251159668,0.027393175289034843,24
r008a2095t,test,0,0.3502582907676697,2.2534010213348665e-08,0.2102416604757309,28
r008ed083t,test,0,0.3502582907676697,0.06204981729388237,0.0018796247895807028,27
r00a940e1t,test,0,0.3502582907676697,7.327712955884635e-05,0.011811227537691593,28
r00b3931bt,test,0,0.3502582907676697,5.616423368337564e-05,0.0007139664958231151,45
r00b8d4a2t,test,0,0.3502582907676697,0.00011138043191749603,0.10618031024932861,48
r00c0995ft,test,0,0.02226102538406849,8.361245272681117e-05,0.000610335438977927,84
r00c4a543t,test,0,0.3502582907676697,0.004482257179915905,0.4462651312351227,71
r00d161b7t,test,0,0.13216406106948853,0.010914536193013191,0.003546188585460186,119
r00de2590t,test,0,0.3502582907676697,0.0034254472702741623,0.000742434523999691,203
r01058910t,test,0,0.3502582907676697,0.0029689371585845947,0.0032229621428996325,108
r0108c383t,test,0,0.019646532833576202,1.9501803762977943e-05,0.22856320440769196,72
r010cb248t,test,0,0.3502582907676697,0.0015867113834246993,0.015850737690925598,42
r01170470t,test,0,0.3502582907676697,0.030503612011671066,0.09107004106044769,80
r01291f20t,test,0,0.3502582907676697,0.0040328726172447205,0.0002610411902423948,49
r01292fd8t,test,0,0.3502582907676697,0.00011651866225292906,0.003181282663717866,28
r012b0f30t,test,0,0.3502582907676697,0.0031494610011577606,0.018233872950077057,18
r012d1dbet,test,0,0.3502582907676697,0.00014590083446819335,0.02639833465218544,53
r0141f0c9t,test,0,0.49289488792419434,0.00010749009379651397,0.0016913682920858264,144
r01474187t,test,0,0.10097870230674744,5.3499185014516115e-05,0.0025508662220090628,35
r0149a21ct,test,0,0.3502582907676697,0.0006715456256642938,0.30694031715393066,25
r0150031ft,test,0,0.3502582907676697,2.211829269072041e-06,0.018629245460033417,54
r01511e3et,test,0,0.08217141032218933,1.7197651231981581e-06,0.004183006938546896,109
r01559391t,test,0,0.3502582907676697,0.10545782744884491,0.7475327849388123,20
r015b453ft,test,0,0.3502582907676697,8.407671884924639e-06,0.00040394242387264967,1
r0176fbcat,test,0,0.10390456020832062,1.4028077744560052e-12,0.053037017583847046,39
r017904f0t,test,0,0.3502582907676697,1.7654168914305046e-05,0.32369309663772583,53
r018ba134t,test,0,0.3502582907676697,6.403596541915135e-10,0.0006656179903075099,6
r018e74fet,test,0,0.3502582907676697,6.90570516326261e-08,0.32316190004348755,188
r0191aaf4t,test,0,0.26233065128326416,0.028787454590201378,0.004142244812101126,34
r019eb1cbt,test,0,0.3502582907676697,4.190214895061217e-05,0.0012483960017561913,61
r01a31693t,test,0,0.03773718327283859,2.155424954253249e-05,0.004612973425537348,47
r01a5f38at,test,0,0.3502582907676697,0.07889406383037567,0.0303121916949749,17
r01b3f004t,test,0,0.3502582907676697,4.495077021715588e-08,0.11915266513824463,45
r01b6aed6t,test,0,0.11336623132228851,0.0005912877968512475,0.04968918859958649,118
r01c95f68t,test,0,0.3502582907676697,5.679385981009711e-15,0.05170462280511856,19
r01cbb7fdt,test,0,0.3502582907676697,0.03907737508416176,0.5824388265609741,127
r01cf60c7t,test,0,0.05459863692522049,0.0021253132726997137,0.7023701667785645,169
r01d0b83bt,test,0,0.016529247164726257,0.9996114373207092,0.08804186433553696,109
r01d9da09t,test,0,0.22983211278915405,0.0694003775715828,0.14187651872634888,54
r01ef1b4at,test,0,0.3502582907676697,0.34529146552085876,0.027235394343733788,27
r0200a7a6t,test,0,0.598784863948822,9.25866115721874e-05,0.11621835827827454,41
r02059ab4t,test,0,0.30055615305900574,0.4946887493133545,0.8145410418510437,101
r0207a52ct,test,0,0.6929458379745483,0.03052031807601452,0.05780504271388054,121
r021429abt,test,0,0.3502582907676697,2.363257408433128e-06,0.013620650395751,22
r02189767t,test,0,0.10081100463867188,5.567766248049111e-10,0.019639741629362106,44
r02210c2at,test,0,0.3502582907676697,0.0010830784449353814,0.0032744654454290867,2
r0225b88bt,test,0,0.5879851579666138,0.002766838064417243,0.24424512684345245,97
r022af74ct,test,0,0.3502582907676697,5.519331352843437e-06,0.05087735876441002,28
r02354285t,test,0,0.11284996569156647,0.001147027243860066,0.05486656352877617,14
r0249f733t,test,0,0.3502582907676697,0.9991826415061951,0.24229440093040466,19
r02508493t,test,0,0.3502582907676697,0.00017882870452012867,0.1147293671965599,53
r0250eb80t,test,0,0.3502582907676697,2.970939704027842e-06,0.00418407516553998,72
r02513d19t,test,0,0.3502582907676697,0.000106241182947997,0.0017524108989164233,37
r026b5360t,test,0,0.32938235998153687,0.00018501817248761654,0.01464235968887806,42
r026cedb7t,test,0,0.27232620120048523,5.579940534516936e-06,0.007825925014913082,30
r0279b17bt,test,0,0.3502582907676697,0.23982638120651245,0.3230254352092743,146
r027a692ft,test,0,0.3502582907676697,3.067445504711941e-05,0.15700998902320862,43
r0281b52at,test,0,0.3502582907676697,0.002410955959931016,0.0030069949571043253,4
r0282ca06t,test,0,0.3502582907676697,0.0001308577338932082,0.1297224909067154,29
r0284aa1at,test,0,0.2736942172050476,0.0006215163157321513,0.32845020294189453,157
r0287344at,test,0,0.05469246208667755,0.039204392582178116,0.30684953927993774,122
r028896d3t,test,0,0.013875948265194893,0.00010741653386503458,0.007647397927939892,95
r0288b58ct,test,0,0.3502582907676697,0.002259152941405773,0.06539011746644974,49
r02897203t,test,0,0.3502582907676697,4.547922344499966e-06,0.05154801905155182,42
r029afdb0t,test,0,0.3502582907676697,7.294584520423086e-06,0.000505893025547266,96
r02a0839et,test,0,0.3502582907676697,0.9932344555854797,0.5379258394241333,157
r02a21f6ct,test,0,0.3502582907676697,0.000745189085137099,0.7102989554405212,109
r02b3a1ddt,test,0,0.30233103036880493,0.0026054668705910444,0.5134751796722412,69
r02b7536at,test,0,0.3502582907676697,1.0278030231347657e-06,0.051820673048496246,32
r02d732f8t,test,0,0.7066813111305237,3.5209886846132576e-05,0.07329203188419342,31
r02e1abe2t,test,0,0.3502582907676697,2.2572811175791685e-08,0.009816266596317291,182
r02f1ba48t,test,0,0.14179135859012604,0.9761682152748108,0.1405775249004364,56
r02f5c155t,test,0,0.3502582907676697,0.004210683051496744,0.002058868994936347,53
r02f9f53et,test,0,0.48513925075531006,1.8945071360576549e-06,0.010556932538747787,167
r0314c3f9t,test,0,0.3502582907676697,2.07349853553751e-06,0.061792489141225815,47
r031917act,test,0,0.007674948778003454,0.006727955769747496,0.0008048463496379554,110
r03193652t,test,0,0.011973006650805473,0.0005212249816395342,0.6719366908073425,80
r03389e9bt,test,0,0.3502582907676697,0.006208796054124832,0.13478098809719086,153
r033bb79dt,test,0,0.3502582907676697,0.00041504050022922456,0.018729539588093758,80
r033daaa0t,test,0,0.0019127795239910483,0.8388986587524414,0.058455564081668854,84
r0341853dt,test,0,0.3502582907676697,0.9616163969039917,0.80449378490448,42
r0342f22ct,test,0,0.3502582907676697,1.4189564353728201e-05,0.012970447540283203,101
r0355b2d5t,test,0,0.0458284355700016,0.0019457762828096747,0.011036244221031666,100
r0356ea60t,test,0,0.3502582907676697,3.147626921418123e-05,0.32986515760421753,64
r035ef2c2t,test,0,0.3502582907676697,0.7421262860298157,0.0824798047542572,85
r03640e97t,test,0,0.009443503804504871,3.051615067306557e-07,0.21426905691623688,61
r036e2a9at,test,0,0.3502582907676697,1.1872573146831655e-08,0.042000364512205124,13
r0372042dt,test,0,0.11429291218519211,0.1760309785604477,0.004074367228895426,70
r037a250ft,test,0,0.3502582907676697,5.067468009656295e-06,0.0009237155318260193,74
r0383e9c3t,test,0,0.4102208912372589,0.823021650314331,0.8599855899810791,109
r038422cft,test,0,0.4195520877838135,2.3075372155290097e-05,0.15349601209163666,28
r038922cbt,test,0,0.3502582907676697,0.8570636510848999,0.0017373610753566027,50
r03995a8ct,test,0,0.3502582907676697,0.05308889225125313,0.20280350744724274,151
r039a5ef5t,test,0,0.3502582907676697,2.0781465082109207e-06,0.05425725504755974,110
r039a851bt,test,0,0.3502582907676697,0.22860418260097504,0.43094727396965027,149
r03aa5df1t,test,0,0.3502582907676697,1.961294628927135e-06,0.08089415729045868,41
r03b0c944t,test,0,0.22253666818141937,4.488413196668262e-06,0.2358303815126419,35
r03bf5648t,test,0,0.3502582907676697,0.04980573058128357,0.005598460789769888,57
r03c8ddcft,test,0,0.3502582907676697,9.058013529283926e-05,0.04848130792379379,32
r03cef811t,test,0,0.7133610248565674,0.9998430013656616,0.21692430973052979,98
r03d2a758t,test,0,0.3502582907676697,0.001606056117452681,0.01086539775133133,51
r03ed2669t,test,0,0.3502582907676697,1.1470386198197957e-05,0.05511539429426193,115
r03f41fdct,test,0,0.3502582907676697,0.980581521987915,0.0007729712524451315,38
r03f70ccdt,test,0,0.3502582907676697,0.04685291275382042,0.3585454821586609,120
r0408fe9ft,test,0,0.3502582907676697,6.322410968095937e-07,0.6578556895256042,79
r040b3002t,test,0,0.18610069155693054,3.676789674500469e-06,0.0043207439593970776,24
r040bf4a5t,test,0,0.3502582907676697,0.7754194736480713,0.0020329016260802746,80
r04108c64t,test,0,0.6455456614494324,0.005413096398115158,0.0750250369310379,78
r04160d64t,test,0,0.3502582907676697,1.793351300793944e-10,0.0002708218526095152,123
r04172edct,test,0,0.3502582907676697,1.1339629963913467e-05,0.046743206679821014,21
r0417f5e3t,test,0,0.018869535997509956,0.0004905842361040413,0.0004268366319593042,106
r041c02cat,test,0,0.3502582907676697,3.2604343687125947e-06,0.0008580924477428198,26
r0428df0ct,test,0,0.3502582907676697,6.332554480792396e-10,0.002937016077339649,178
r042d5308t,test,0,0.4163227081298828,0.019902585074305534,0.0602865107357502,96
r042d7b17t,test,0,0.3502582907676697,0.9964117407798767,0.41267743706703186,32
r04317453t,test,0,0.3502582907676697,2.1975070012558717e-06,0.001472815521992743,69
r0438eb97t,test,0,0.3502582907676697,0.006539053749293089,0.24052000045776367,102
r043951a3t,test,0,0.0008358887862414122,2.996067087224219e-05,0.1925743669271469,209
r04395e54t,test,0,0.3502582907676697,0.058788347989320755,0.014512626454234123,56
r0450c4c0t,test,0,0.16551285982131958,4.70423765364103e-06,0.01906096376478672,113
r045be2act,test,0,0.3502582907676697,0.49163636565208435,0.0025758349802345037,120
r0465565ct,test,0,0.3502582907676697,0.0001860663905972615,0.008707350119948387,24
r046852c1t,test,0,0.06079144775867462,1.2776493463206862e-07,0.0010955901816487312,26
r047aa954t,test,0,0.039938706904649734,0.00033889542100951076,0.4407127797603607,133
r04851bf9t,test,0,0.07028625160455704,0.9775249361991882,0.9881524443626404,135
r0487f5cet,test,0,0.3502582907676697,0.6059091687202454,0.005229642614722252,27
r048c50d0t,test,0,0.25080838799476624,2.57651354331756e-05,0.9812207221984863,113
r04989a70t,test,0,0.05544821172952652,0.018658114597201347,0.0821945071220398,18
r049f471dt,test,0,0.6290287375450134,0.0001116258354159072,0.026429912075400352,66
r04a210b3t,test,0,0.7985379695892334,0.32765841484069824,0.13023172318935394,86
r04aceb4et,test,0,0.3502582907676697,3.761003972613253e-05,0.07186990231275558,156
r04b4d5aft,test,0,0.2584158480167389,0.9982194304466248,0.12174008786678314,120
r04b8473dt,test,0,0.3502582907676697,0.04207586124539375,0.07490605860948563,144
r04c11390t,test,0,0.3502582907676697,0.8759148120880127,0.008253686130046844,25
r04c566a0t,test,0,0.1091376468539238,0.07049974054098129,0.00835651345551014,33
r04cfa379t,test,0,0.05758626386523247,0.9875277876853943,0.13523012399673462,100
r04e19833t,test,0,0.669486939907074,0.1367889642715454,0.011054657399654388,46
r04e7644dt,test,0,0.024913666769862175,7.387870573438704e-05,0.4774627089500427,42
r04e818bat,test,0,0.3502582907676697,9.182242166616561e-08,0.000562189903575927,34
r04eb0d0ft,test,0,0.32647934556007385,0.10428782552480698,0.045030660927295685,25
r04eda41ct,test,0,0.2801685631275177,0.0001833529386203736,0.003845804836601019,70
r050e1024t,test,0,0.3502582907676697,3.6496696793619776e-06,0.016247114166617393,102
r0515a051t,test,0,0.3502582907676697,0.0004584640555549413,0.001685050898231566,30
r0518cf5dt,test,0,0.3502582907676697,0.6854773163795471,0.8510146737098694,64
r05243256t,test,0,0.3502582907676697,0.0017995034577324986,0.04281136766076088,95
r0527f7e6t,test,0,0.06134343519806862,5.1713205939663e-10,0.007442248985171318,38
r052df821t,test,0,0.01821056753396988,0.026432448998093605,0.8033302426338196,60
r052e9174t,test,0,0.3502582907676697,1.9298012077229032e-08,0.0007231365307234228,16
r053d2196t,test,0,0.4821426570415497,0.11357023566961288,0.9985601305961609,126
r05647b9at,test,0,0.3502582907676697,0.0043045454658567905,0.002990699838846922,44
r056c0ee6t,test,0,0.3502582907676697,5.418521098476958e-08,0.10942713916301727,34
r056d6bebt,test,0,0.3502582907676697,0.0027537040878087282,0.0949997678399086,34
r056daad2t,test,0,0.3502582907676697,3.422482404857874e-05,0.029261497780680656,37
r056f233bt,test,0,0.3502582907676697,0.0015504654729738832,0.015171753242611885,51
r05718fd6t,test,0,0.015341135673224926,0.00010050294076791033,0.13420118391513824,71
r057282fet,test,0,0.19185052812099457,0.024914216250181198,0.7996100783348083,109
r05772356t,test,0,0.3502582907676697,0.003313124645501375,0.001799222663976252,41
r05839451t,test,0,0.3502582907676697,4.303961304685799e-06,0.030412616208195686,16
r0589558at,test,0,0.3502582907676697,0.1519605666399002,0.624237596988678,128
r059cae86t,test,0,0.3502582907676697,6.397754503950637e-08,0.0007736588013358414,94
r059ce7d0t,test,0,0.6245336532592773,0.012438543140888214,0.1892365962266922,60
r05a7750et,test,0,0.3502582907676697,0.015488952398300171,0.006658600177615881,294
r05ac4560t,test,0,0.04471871629357338,0.2922033667564392,0.06926210969686508,126
r05bf2f53t,test,0,0.3502582907676697,0.02240106463432312,0.0006397918332368135,132
r05d35656t,test,0,0.3502582907676697,4.981120218872093e-05,0.08503870666027069,22
r05d59d7ct,test,0,0.3502582907676697,0.0023158069234341383,0.7244296073913574,15
r05d9d749t,test,0,0.00578519469127059,3.6317062040325254e-05,0.19694732129573822,78
r05db7e7ft,test,0,0.3502582907676697,0.0031590431462973356,0.0006092768162488937,22
r05f3bc6ct,test,0,0.09050297737121582,2.706220402615145e-05,0.009785428643226624,157
r05f3f6a5t,test,0,0.3502582907676697,0.0010086923139169812,0.011288829147815704,67
r05f66e6dt,test,0,0.3502582907676697,6.31017383057042e-06,0.045552968978881836,27
r0603031et,test,0,0.3502582907676697,0.00010131506860489026,0.31396302580833435,61
r061433aft,test,0,0.009278220124542713,1.3807501090923324e-05,0.6488863825798035,74
r061db45ft,test,0,0.3502582907676697,0.0002663851482793689,0.002266985597088933,16
r061e2ecft,test,0,0.05561520531773567,0.3227338492870331,0.2903997004032135,131
r062b9259t,test,0,0.3502582907676697,4.85848340758821e-06,0.02642827108502388,36
r062cab38t,test,0,0.3502582907676697,0.2006177008152008,0.3203168511390686,29
r063d8a61t,test,0,0.02293737791478634,0.050459831953048706,0.00045478277024812996,95
r0648cff8t,test,0,0.29720380902290344,0.21765407919883728,0.10222936421632767,60
r065472d8t,test,0,0.3502582907676697,0.25795888900756836,0.07970767468214035,43
r065a0da9t,test,0,0.3502582907676697,0.3809504806995392,0.593330979347229,26
r066358d3t,test,0,0.7167863249778748,1.124239901173496e-08,0.15246567130088806,92
r0667a51ft,test,0,0.3502582907676697,0.0009999879403039813,0.017276586964726448,139
r06691aa5t,test,0,0.3502582907676697,0.39307400584220886,0.031212057918310165,38
r066b256at,test,0,0.3502582907676697,0.0021849346812814474,0.0946902483701706,71
r066ef803t,test,0,0.3502582907676697,0.0002870433672796935,0.16630999743938446,56
r0670f47ft,test,0,0.3502582907676697,0.045801304280757904,0.02295442298054695,55
r06743f8ft,test,0,0.4683821499347687,0.15736813843250275,0.05355179309844971,88
r0676c50at,test,0,0.350958913564682,8.02889553597197e-05,0.09080341458320618,153
r06836fdat,test,0,0.25862789154052734,0.19437390565872192,0.09241706132888794,28
r068812d7t,test,0,0.3502582907676697,0.25468674302101135,0.027895595878362656,19
r06888d38t,test,0,0.4753877818584442,1.3036014024692122e-05,0.008423150517046452,62
r069e346et,test,0,0.2985435128211975,4.483879456529394e-05,0.43387219309806824,174
r06a52b7bt,test,0,0.3502582907676697,0.0007201542030088603,0.0012236095499247313,58
r06aa7dabt,test,0,0.3502582907676697,0.5737636685371399,0.0030243652872741222,12
r06b161adt,test,0,0.3502582907676697,5.053662022191929e-08,0.021684981882572174,44
r06b7849at,test,0,0.3502582907676697,0.00010496591130504385,0.001263901824131608,13
r06bfc92at,test,0,0.3502582907676697,0.0006949197850190103,0.0004419464385136962,44
r06c4bcb9t,test,0,0.10369610041379929,0.0071792337112128735,0.15186095237731934,38
r06cad2d6t,test,0,0.2637578547000885,0.03982456773519516,0.026063494384288788,45
r06d3ac60t,test,0,0.17002755403518677,1.7260716049349867e-05,0.1672040969133377,176
r06e1a520t,test,0,0.3502582907676697,4.4835273911303375e-06,0.6518431305885315,120
r0701ca45t,test,0,0.3502582907676697,1.1622391049570524e-08,0.08889025449752808,33
r0703243bt,test,0,0.3502582907676697,0.7040728330612183,0.042092785239219666,29
r0708431at,test,0,0.1890762597322464,0.47979629039764404,0.20358604192733765,140
r070a874ct,test,0,0.3502582907676697,0.0031851381063461304,0.0002998944546561688,13
r072421a1t,test,0,0.12737716734409332,0.0007708380580879748,0.20986168086528778,59
r072649fdt,test,0,0.5068028569221497,0.012993321754038334,0.7560024261474609,176
r072d955bt,test,0,0.0005286592640914023,6.895224942127243e-05,0.0004247640899848193,103
r0744a10et,test,0,0.08817319571971893,2.8615961127798073e-05,0.04402448982000351,109
r07598392t,test,0,0.13796721398830414,1.724791400192771e-05,0.05967627838253975,56
r075baf3ct,test,0,0.3502582907676697,0.00014207970525603741,0.004443028010427952,17
r0773471dt,test,0,0.29277247190475464,0.008167725056409836,0.02815995365381241,10
r077507cat,test,0,0.35242190957069397,1.6750493614381412e-07,0.13431815803050995,97
r0777fea4t,test,0,0.3502582907676697,0.007684687152504921,0.3597962260246277,8
r079d086et,test,0,0.3502582907676697,5.610359039565083e-07,0.014566074125468731,8
r07b99141t,test,0,0.2975495755672455,0.6760379672050476,0.7738041281700134,93
r07c47354t,test,0,0.3502582907676697,2.1373423919612833e-08,0.01768672466278076,162
r07c51648t,test,0,0.3502582907676697,6.950049282750115e-05,0.07481303066015244,105
r07cf907dt,test,0,0.031583819538354874,0.001003559329546988,0.08504678308963776,183
r07cfb432t,test,0,0.3502582907676697,0.000510923215188086,0.6857813596725464,120
r07d13149t,test,0,0.3502582907676697,4.382161478133639e-06,0.4103788435459137,17
r07d5eb94t,test,0,0.3502582907676697,0.853532612323761,0.9314671754837036,173
r07db8a54t,test,0,0.3502582907676697,0.49407055974006653,0.9917072653770447,77
r07dba73ft,test,0,0.018775872886180878,0.9366099238395691,0.1713963747024536,89
r07df029bt,test,0,0.3502582907676697,1.682695938143297e-06,0.012360967695713043,132
r07e1e8cbt,test,0,0.8924000859260559,0.0016642817063257098,0.003846939420327544,52
r07e242b7t,test,0,0.4381611943244934,0.10040899366140366,0.028007183223962784,98
r07e35007t,test,0,0.3502582907676697,5.9755751863121986e-05,0.00020450475858524442,85
r07e594d6t,test,0,0.003083262825384736,0.024563737213611603,0.008396731689572334,98
r07ece355t,test,0,0.3502582907676697,1.9206385331926867e-05,0.022995349019765854,17
r07f22efdt,test,0,0.3502582907676697,0.014576411806046963,0.004693326540291309,17
r07f99a1at,test,0,0.028933797031641006,0.00019061878265347332,0.9525664448738098,163
r07ffdc87t,test,0,0.3502582907676697,0.5817455053329468,0.17774154245853424,106
r08079988t,test,0,0.3502582907676697,5.732975751016056e-06,0.0002667699591256678,137
r0809811bt,test,0,0.3502582907676697,0.009170801378786564,0.39777854084968567,39
r081ad6a3t,test,0,0.3502582907676697,3.2957501172603543e-09,0.04082714021205902,59
r082626aft,test,0,0.3502582907676697,0.00028961969655938447,0.07495705038309097,117
r08276bf9t,test,0,0.17889532446861267,0.27947625517845154,0.004641052335500717,72
r08307e1at,test,0,0.3502582907676697,5.504259092958819e-07,0.20973174273967743,20
r0833f646t,test,0,0.3148866593837738,0.06461428105831146,0.0001608570310054347,83
r083b7636t,test,0,0.8037340044975281,2.8982580602132657e-07,0.4470064640045166,22
r083ca67ct,test,0,0.21241192519664764,0.017733242362737656,0.02201874740421772,52
r08414c5at,test,0,0.4457763433456421,4.8833172172635386e-08,0.3685367703437805,52
r084889d5t,test,0,0.3502582907676697,0.0035673868842422962,0.0003981948539149016,33
r084a4ccet,test,0,0.3502582907676697,0.0008524057921022177,0.08802887052297592,109
r085a5f53t,test,0,0.3502582907676697,2.5259416815970326e-06,0.003018329618498683,11
r085bdbe2t,test,0,0.2601516842842102,0.009375139139592648,0.0645243301987648,153
r08788547t,test,0,0.2992801070213318,0.00016402897017542273,0.004965643864125013,110
r087a13a6t,test,0,0.3502582907676697,4.1122846596408635e-05,0.09046130627393723,29
r08873591t,test,0,0.5082680583000183,0.002608139533549547,0.6677303910255432,108
r088dcebft,test,0,0.3502582907676697,6.856892582618457e-07,0.2205299586057663,11
r0897d8aat,test,0,0.3502582907676697,5.2971621755659726e-08,9.805076842894778e-05,122
r08996953t,test,0,0.3502582907676697,6.31599272882255e-10,0.003918592818081379,23
r089cae91t,test,0,0.3502582907676697,0.062122900038957596,0.03705604001879692,99
r08abaa78t,test,0,0.3502582907676697,5.5630330280109774e-06,0.01324639655649662,34
r08ac875ct,test,0,0.3502582907676697,0.0003798032703343779,0.0024337279610335827,5
r08b04f65t,test,0,0.3502582907676697,0.0006252701859921217,0.627528965473175,32
r08b05c94t,test,0,0.3502582907676697,3.4418096674926346e-06,0.3601831793785095,19
r08b12799t,test,0,0.21316489577293396,0.3044109344482422,0.06905711442232132,54
r08b41f18t,test,0,0.21553529798984528,0.04366769641637802,0.10116196423768997,61
r08c76321t,test,0,0.3502582907676697,0.1727578490972519,0.7519803047180176,40
r08cbbab9t,test,0,0.3502582907676697,1.3696608220925555e-06,0.6166360378265381,54
r08d2b4dat,test,0,0.3502582907676697,6.4398732320114505e-06,0.024871179834008217,49
r08d9a0cet,test,0,0.4751755893230438,0.7706680297851562,0.12400992214679718,158
r08df6903t,test,0,0.2790762782096863,0.00018024494056589901,0.6315162181854248,125
r08f2d4c6t,test,0,0.3502582907676697,0.001757005462422967,0.15943512320518494,178
r0905697bt,test,0,0.3502582907676697,4.6635377657366917e-05,0.004260060843080282,28
r09245347t,test,0,0.10647481679916382,2.819608198478818e-05,0.014008249156177044,118
r092b4511t,test,0,0.3502582907676697,3.697369174915366e-05,0.006925547029823065,15
r0941aa38t,test,0,0.5752356052398682,0.0023334191646426916,0.5020667314529419,143
r09445479t,test,0,0.3502582907676697,0.0014221157180145383,0.001624893513508141,121
r09488b39t,test,0,0.3502582907676697,0.03329770639538765,0.04787630960345268,25
r094ced7bt,test,0,0.3502582907676697,0.8930469751358032,0.017028475180268288,58
r094cf3c6t,test,0,0.09093320369720459,9.334205060440581e-06,0.9953645467758179,129
r09579ff2t,test,0,0.00659914268180728,0.000101414043456316,0.014854485169053078,124
r0965e155t,test,0,0.15700244903564453,0.12860016524791718,0.13927431404590607,133
r09670876t,test,0,0.3502582907676697,0.00011398274364182726,0.03209170326590538,77
r09696ba3t,test,0,0.3502582907676697,2.0563018665598065e-07,0.08869753032922745,25
r096982ddt,test,0,0.3502582907676697,0.019408537074923515,0.00017401024524588138,10
r097088c1t,test,0,0.17042876780033112,1.0524553545110393e-05,0.6127471327781677,116
r097555c4t,test,0,0.3502582907676697,0.799632728099823,0.023786364123225212,101
r097d3563t,test,0,0.12157303094863892,5.51869161427021e-05,0.00019408544176258147,78
r09851aa4t,test,0,0.3502582907676697,4.887864974989498e-07,0.006073635071516037,64
r0985dc6ct,test,0,0.019646532833576202,1.9501803762977943e-05,0.22856320440769196,72
r098a8a22t,test,0,0.43344393372535706,0.04301568493247032,0.49749481678009033,84
r098cf7aet,test,0,0.3502582907676697,2.759661867912655e-07,0.0018393304198980331,9
r09a60f63t,test,0,0.0489431656897068,6.238060450414196e-05,0.4666196405887604,120
r09a79474t,test,0,0.3502582907676697,0.00016321254952345043,0.00016159447841346264,66
r09a992e9t,test,0,0.3502582907676697,6.315023028946598e-07,0.05596265196800232,164
r09b86185t,test,0,0.3502582907676697,0.909272313117981,0.5507146120071411,162
r09c15af7t,test,0,0.3502582907676697,2.979051172413705e-10,0.5546451210975647,14
r09c8e042t,test,0,0.3502582907676697,0.00014228117652237415,0.003865298582240939,37
r09d50960t,test,0,0.021400483325123787,0.3710840046405792,0.025418221950531006,20
r09d5cb41t,test,0,0.3502582907676697,2.1919446169249568e-07,0.0984804555773735,61
r09d7cd4et,test,0,0.3502582907676697,7.324964826693758e-06,0.008901791647076607,116
r09dc6407t,test,0,0.8393401503562927,1.0,0.7656577229499817,83
r09efa609t,test,0,0.3502582907676697,0.5946003198623657,0.07718346267938614,35
r09f764ect,test,0,0.14514732360839844,5.770720599684864e-05,0.04324335977435112,28
r09ff1dcet,test,0,0.007055541966110468,0.0008911130717024207,0.4188641309738159,108
r0a0852c6t,test,0,0.3502582907676697,0.9764116406440735,0.01766258105635643,37
r0a10fe29t,test,0,0.3502582907676697,0.16852103173732758,0.7007919549942017,121
r0a18e454t,test,0,0.3502582907676697,0.001965293427929282,0.0007855562726035714,5
r0a19cb85t,test,0,0.3502582907676697,8.61086300574243e-06,0.0020608215127140284,46
r0a2e85f0t,test,0,0.3502582907676697,0.9616318345069885,0.14098387956619263,148
r0a2ff882t,test,0,0.02057580277323723,8.536652603652328e-05,0.1644534021615982,168
r0a31a2cct,test,0,0.3502582907676697,7.687368963615882e-09,0.009899545460939407,107
r0a3c52a0t,test,0,0.04150009900331497,9.819186379900202e-05,0.0006535897264257073,74
r0a42c0f6t,test,0,0.4846828579902649,0.001504544634371996,0.00016213281196542084,116
r0a4ce555t,test,0,0.3502582907676697,7.174872007453814e-05,0.40826472640037537,136
r0a54ed98t,test,0,0.15592540800571442,1.7114050933741964e-05,0.01054923515766859,156
r0a5d7cb6t,test,0,0.03622289001941681,0.0014269351959228516,0.7489736080169678,150
r0a64ce0bt,test,0,0.3502582907676697,0.0006227550329640508,0.18674305081367493,31
r0a71c689t,test,0,0.3502582907676697,0.004289849195629358,0.1096080020070076,26
r0a72568ct,test,0,0.3502582907676697,1.7716105560339201e-07,0.030852891504764557,32
r0a776764t,test,0,0.3502582907676697,0.00024150275567080826,0.061648715287446976,61
r0a779af2t,test,0,0.3502582907676697,1.34411081376129e-07,0.01266068872064352,24
r0a808003t,test,0,0.3502582907676697,0.0031871022656559944,0.710801899433136,155
r0a8b59bbt,test,0,0.05563652515411377,0.004969433415681124,0.010108229704201221,62
r0a8e5f8at,test,0,0.3502582907676697,2.395185205728012e-08,0.02889419160783291,35
r0a9384b1t,test,0,0.13744249939918518,2.595970727270469e-06,0.012607688084244728,54
r0a94587ft,test,0,0.3502582907676697,3.588747131288983e-05,0.28802168369293213,152
r0a966704t,test,0,0.3502582907676697,1.0277368289735023e-07,0.0004135039052926004,176
r0aaa70c3t,test,0,0.021630311384797096,0.00012343340495135635,0.028705380856990814,52
r0ab0a205t,test,0,0.3502582907676697,5.186357611819403e-06,0.00829450786113739,13
r0ab7202ft,test,0,0.46985068917274475,0.0004314572724979371,0.03150565177202225,14
r0ab86ea2t,test,0,0.3502582907676697,8.762601200196229e-10,0.04640394076704979,26
r0ac70243t,test,0,0.3502582907676697,1.1704551070579328e-05,0.02381017804145813,188
r0adac68bt,test,0,0.3502582907676697,0.0108181182295084,0.1825171709060669,116
r0ae68527t,test,0,0.11052826792001724,0.024358445778489113,0.01692441664636135,156
r0af5a8cct,test,0,0.3502582907676697,3.6791214370168746e-05,0.08028598129749298,108
r0b03e77at,test,0,0.0784044861793518,0.0021688267588615417,0.051089875400066376,77
r0b07b945t,test,0,0.15537206828594208,3.056700847992033e-07,0.0011012890608981252,65
r0b0cd69et,test,0,0.06684289127588272,4.836657899431884e-05,0.4944610595703125,45
r0b0e2ba5t,test,0,0.607927143573761,6.800340202062216e-07,0.16199244558811188,64
r0b13d2a2t,test,0,0.3502582907676697,3.2341711175831733e-07,0.024924643337726593,54
r0b17fd57t,test,0,0.3502582907676697,3.1281906558433548e-06,0.0032275367993861437,14
r0b1f92a9t,test,0,0.3502582907676697,0.0003232620074413717,0.02341100201010704,28
r0b3220e1t,test,0,0.007463773246854544,6.941743322386174e-07,0.25121062994003296,112
r0b3979d0t,test,0,0.7108094096183777,6.57956552458927e-05,0.028663283213973045,95
r0b42926ct,test,0,0.3502582907676697,3.5384296381835156e-08,0.033525265753269196,43
r0b4d8af5t,test,0,0.4923725128173828,0.0008134155068546534,0.4291769564151764,144
r0b50b69ct,test,0,0.3502582907676697,0.004449511878192425,0.006588360760360956,23
r0b591bc3t,test,0,0.3502582907676697,0.0008377531194128096,0.0048154075630009174,111
r0b59fc2bt,test,0,0.3502582907676697,0.025355491787195206,0.012097799219191074,75
r0b5a3035t,test,0,0.5567561388015747,0.00397916417568922,0.09107020497322083,100
r0b5b85d0t,test,0,0.9709266424179077,0.9942633509635925,0.5149310231208801,173
r0b61ed37t,test,0,0.4140329658985138,4.084987085661851e-05,0.46893414855003357,56
r0b665b37t,test,0,0.3502582907676697,3.312381036124634e-09,0.006445304490625858,100
r0b6e4254t,test,0,0.3502582907676697,0.0017608460038900375,0.8465477824211121,61
r0b735401t,test,0,0.34393468499183655,0.4024587869644165,0.06942201405763626,33
r0b755540t,test,0,0.011523542925715446,0.0030653863213956356,0.36780670285224915,134
r0b76b82ft,test,0,0.3502582907676697,1.3346319974516518e-05,0.5602769255638123,128
r0b7b1156t,test,0,0.3905547261238098,0.09658078849315643,0.6142048835754395,124
r0b82ae9bt,test,0,0.21198707818984985,0.0065035028383135796,0.0038906882982701063,41
r0b841e5at,test,0,0.3502582907676697,5.665720527758822e-05,0.5290846824645996,65
r0b985828t,test,0,0.7113405466079712,0.5162885189056396,0.615414023399353,118
r0b99ac3ct,test,0,0.3502582907676697,1.1641425317066023e-06,0.0649791806936264,89
r0ba4c4c0t,test,0,0.3502582907676697,1.4178512174112257e-05,0.004610097501426935,13
r0bbbb097t,test,0,0.3502582907676697,7.213338540168479e-05,0.00835501216351986,55
r0bbd0b0et,test,0,0.3502582907676697,6.185292932059383e-06,0.2521485984325409,60
r0bc0e549t,test,0,0.3502582907676697,4.235223059367854e-06,0.01083022728562355,54
r0bc1a779t,test,0,0.3502582907676697,0.9871951937675476,0.049376413226127625,72
r0bc7d0eet,test,0,0.3502582907676697,5.186359999242995e-07,0.2781014144420624,152
r0bc87c20t,test,0,0.3502582907676697,0.00020128264441154897,0.21199896931648254,130
r0bdc7894t,test,0,0.3502582907676697,0.0001896984176710248,0.09620863944292068,23
r0bf1bbect,test,0,0.3502582907676697,0.2642621695995331,0.7183813452720642,107
r0c03e364t,test,0,0.3502582907676697,0.0037386277690529823,0.5996129512786865,40
r0c0d0adct,test,0,0.3502582907676697,0.0004563715774565935,0.024818982928991318,33
r0c1de5e1t,test,0,0.3502582907676697,3.8090846032901027e-07,0.4274398386478424,75
r0c1f588dt,test,0,0.10232771188020706,1.2829242450607126e-06,0.002265150425955653,18
r0c2fb2a1t,test,0,0.3502582907676697,0.35579338669776917,0.02860420197248459,79
r0c32591dt,test,0,0.3502582907676697,1.108451670006616e-05,0.06389155238866806,26
r0c3a8ea0t,test,0,0.3502582907676697,2.0854924969171407e-06,0.17899005115032196,112
r0c486c0at,test,0,0.05563489347696304,0.04476921632885933,0.0029956288635730743,136
r0c5e9567t,test,0,0.3502582907676697,1.0505628722512483e-07,0.011163856834173203,58
r0c6cf00bt,test,0,0.6884765028953552,2.1562821075349348e-06,0.1519605964422226,92
r0c764979t,test,0,0.000568086514249444,0.007090867031365633,0.7914290428161621,52
r0c795771t,test,0,0.6554619073867798,0.038154229521751404,0.21500954031944275,28
r0c7fcc38t,test,0,0.008895428851246834,4.899565828964114e-05,0.3514309823513031,181
r0c8f3ce5t,test,0,0.3502582907676697,2.848547637768206e-07,0.0011682921322062612,7
r0c925d34t,test,0,0.10096744447946548,0.012624414637684822,0.4660884439945221,132
r0c9910e4t,test,0,0.3502582907676697,3.906467100023292e-06,0.6853931546211243,25
r0c9e4ff8t,test,0,0.3502582907676697,0.4514126479625702,0.5495501160621643,155
r0cbdc6f8t,test,0,0.11503691971302032,0.0075810858979821205,0.025721760466694832,110
r0cc5a33ct,test,0,0.2748326361179352,5.545336534851231e-06,0.10210667550563812,62
r0cd4ffb0t,test,0,0.07756677269935608,1.5346354829276487e-12,0.07662820816040039,25
r0cde6159t,test,0,0.3502582907676697,0.07387612760066986,0.014531590975821018,13
r0ce35df8t,test,0,0.5679172277450562,1.177918491634955e-07,0.0225882176309824,80
r0cea5432t,test,0,0.20766909420490265,0.00019264697039034218,0.006701561622321606,46
r0cfedd72t,test,0,0.5988366603851318,0.0005662392941303551,0.004217487759888172,93
r0d0ff43at,test,0,0.15312305092811584,0.006806419230997562,0.0905754566192627,62
r0d0ff4c2t,test,0,0.3502582907676697,0.5468090772628784,0.03386705741286278,15
r0d1dd61ft,test,0,0.3502582907676697,0.30266350507736206,0.011721665970981121,48
r0d203f37t,test,0,0.3502582907676697,1.8917990018962882e-06,0.00383867253549397,39
r0d280006t,test,0,0.3502582907676697,4.288662603357807e-05,0.041853319853544235,93
r0d56c1d7t,test,0,0.3502582907676697,0.00020816711185034364,0.0022816674318164587,48
r0d61db4ct,test,0,0.3502582907676697,0.0027680720668286085,0.002546097617596388,17
r0d796d4ft,test,0,0.3502582907676697,0.0001543292310088873,0.47826290130615234,96
r0d89edd8t,test,0,0.016566045582294464,6.105863548100388e-08,0.10093758255243301,135
r0d8d62edt,test,0,0.3502582907676697,0.2795349359512329,0.1542620211839676,80
r0db011b4t,test,0,0.1289205551147461,0.007489894051104784,0.2064262181520462,20
r0db31c3ft,test,0,0.3515647351741791,2.606068846944254e-06,0.00339576811529696,58
r0db6cc31t,test,0,0.010057724080979824,2.574265636212658e-06,0.9352269768714905,134
r0dd60980t,test,0,0.009131193161010742,6.369355105562136e-05,0.08984293788671494,57
r0dd6e8f4t,test,0,0.3502582907676697,6.026811494308504e-09,0.2353074550628662,124
r0dd7b354t,test,0,0.4147508144378662,1.998171910599922e-06,0.00033510851790197194,179
r0de97473t,test,0,0.3502582907676697,0.005845455918461084,0.0042253234423696995,14
r0deb6dadt,test,0,0.25702226161956787,6.635251338593662e-05,0.012097861617803574,128
r0dff226et,test,0,0.07416218519210815,8.835714652377646e-06,0.055524665862321854,70
r0e04cc91t,test,0,0.3502582907676697,8.403643505516811e-07,0.005408659111708403,16
r0e1a6e2ft,test,0,0.7532363533973694,0.9838184714317322,0.4109094738960266,188
r0e35d1fct,test,0,0.3502582907676697,0.011014147661626339,0.06451044231653214,34
r0e593c46t,test,0,0.3502582907676697,4.9067057261709124e-05,0.04545535892248154,32
r0e5b5159t,test,0,0.9479497075080872,0.885871171951294,0.016249297186732292,113
r0e5dfc8et,test,0,0.031365200877189636,0.00014888105215504766,0.2413051873445511,46
r0e63ca9ft,test,0,0.03538788482546806,0.0006417168769985437,0.004891360178589821,51
r0e63dd12t,test,0,0.3502582907676697,1.6595487650761243e-08,0.004854216706007719,19
r0e661e0dt,test,0,0.021674834191799164,1.8606336880111485e-06,0.02040793187916279,113
r0e7b407bt,test,0,0.4641381502151489,0.16038614511489868,0.002268472220748663,169
r0e965ba7t,test,0,0.0455097034573555,0.11235005408525467,0.40737617015838623,89
r0e9b0485t,test,0,0.3502582907676697,0.0009765098220668733,0.0186880175024271,23
r0ea0825ft,test,0,0.3502582907676697,0.9014056324958801,0.29319092631340027,104
r0eab8214t,test,0,0.04830627143383026,0.00020231552480254322,0.15699316561222076,159
r0eb07be3t,test,0,0.3502582907676697,1.8662565253180219e-06,0.025098782032728195,113
r0eb7ee5ct,test,0,0.3502582907676697,3.1908621167531237e-06,0.00973531324416399,15
r0eb8dfb5t,test,0,0.12081441283226013,0.9666107892990112,0.1414097100496292,106
r0eb9e900t,test,0,0.3502582907676697,2.392773239989765e-06,0.11508851498365402,61
r0eba1984t,test,0,0.3502582907676697,1.7902294757732307e-08,0.00966560561209917,63
r0ebb0bb4t,test,0,0.3502582907676697,0.123101145029068,0.999984622001648,137
r0ebb5ca2t,test,0,0.3502582907676697,8.375592733500525e-05,0.00016437687736470252,94
r0ebdd2d2t,test,0,0.8940191864967346,3.7818432474523433e-07,0.029533904045820236,23
r0ed019a4t,test,0,0.3502582907676697,0.0007762297173030674,0.11888644099235535,135
r0ed16e26t,test,0,0.13436712324619293,0.004559298511594534,0.4934711158275604,112
r0ed844b5t,test,0,0.2254127413034439,5.6883991419454105e-06,0.0021706633269786835,140
r0edb165ft,test,0,0.3502582907676697,0.0005450953030958772,0.4501320421695709,28
r0eea5a7et,test,0,0.3502582907676697,0.004330079536885023,0.6141893863677979,21
r0eedd456t,test,0,0.3502582907676697,0.0037005275953561068,0.07799013704061508,51
r0f137652t,test,0,0.3502582907676697,8.665801033203024e-06,0.024856599047780037,110
r0f1a3f00t,test,0,0.5678778886795044,3.042379285034258e-05,0.07093627750873566,121
r0f1aef1ft,test,0,0.3502582907676697,0.004362719599157572,0.6490317583084106,41
r0f22c43ct,test,0,0.6098769307136536,0.005425324663519859,0.09571442753076553,42
r0f24ca4dt,test,0,0.0774255022406578,3.428495801927056e-06,0.018118754029273987,31
r0f25b326t,test,0,0.3502582907676697,0.04146842285990715,0.011919951997697353,47
r0f2c63d2t,test,0,0.3502582907676697,4.603922434398555e-07,0.01857735961675644,27
r0f2e6baft,test,0,0.03513464331626892,0.13069793581962585,0.6478090286254883,116
r0f3569c0t,test,0,0.3502582907676697,0.0014427511487156153,0.005629830062389374,238
r0f36ba1bt,test,0,0.3502582907676697,0.10922741889953613,0.09369836747646332,15
r0f38373ct,test,0,0.3502582907676697,0.026391515508294106,0.05927376449108124,158
r0f3f14cbt,test,0,0.005669496487826109,4.274991442798637e-05,0.679010272026062,143
r0f4ece9bt,test,0,0.3502582907676697,5.2219489589333534e-05,0.1333010345697403,26
r0f5475b5t,test,0,0.3502582907676697,0.008615270256996155,0.060048557817935944,25
r0f5beb66t,test,0,0.004554671701043844,0.00014109145558904856,0.9314268231391907,143
r0f6250d2t,test,0,0.3502582907676697,0.00010707078035920858,0.023727860301733017,42
r0f6d3b31t,test,0,0.3502582907676697,0.005327541381120682,0.05753124877810478,27
r0f71782et,test,0,0.5984939336776733,5.371576321522298e-07,0.18566957116127014,156
r0f86049ct,test,0,0.3502582907676697,7.359737708156899e-09,0.020474649965763092,60
r0f8a1531t,test,0,0.3886581063270569,0.012299442663788795,0.0001372760598314926,104
r0f8e5907t,test,0,0.3502582907676697,0.0349724180996418,0.2767886817455292,118
r0f91360ct,test,0,0.3502582907676697,0.5715348720550537,0.0003248592547606677,84
r0f91c753t,test,0,0.3502582907676697,8.94879049334607e-12,0.004047831054776907,107
r0f979863t,test,0,0.3502582907676697,0.0046692159958183765,0.025829149410128593,29
r0f98115dt,test,0,0.6243250966072083,0.016149401664733887,0.1461401879787445,163
r0fa077bet,test,0,0.3502582907676697,0.0015122757758945227,0.1259891539812088,59
r0fa22d02t,test,0,0.30275771021842957,0.25204816460609436,0.12781614065170288,87
r0fae3dbdt,test,0,0.018086420372128487,0.3081277906894684,0.024592259898781776,156
r0faffef3t,test,0,0.726806640625,4.2794377804966643e-05,0.19971208274364471,92
r0fb0a690t,test,0,0.8798261284828186,1.3047825859757722e-06,0.8721961379051208,94
r0fbb5bc1t,test,0,0.3502582907676697,1.441117092326749e-07,0.3899489641189575,23
r0fbd0c71t,test,0,0.04281070455908775,0.0002031321928370744,0.005795010831207037,99
r0fbe1b0ft,test,0,0.19515669345855713,4.08197848855707e-07,0.026523208245635033,50
r0fbf62f8t,test,0,0.3502582907676697,1.8631782950251363e-05,0.01133811753243208,11
r0fc39b66t,test,0,0.8039488196372986,0.0016892938874661922,0.24280428886413574,89
r0fd69c12t,test,0,0.3502582907676697,1.4506430995667174e-12,0.6933953762054443,25
r0fdfc4f0t,test,0,0.3502582907676697,1.267696436713095e-08,0.01323038898408413,38
r0fe270aet,test,0,0.004906630143523216,0.2036062628030777,0.0007340081501752138,103
r0fe7b1c6t,test,0,0.3502582907676697,0.6164572238922119,0.16502529382705688,93
r0fef53bft,test,0,0.3502582907676697,0.9975090026855469,0.03277061507105827,11
r0ff7a848t,test,0,0.3502582907676697,2.4022545403568074e-05,0.040074363350868225,57
r1011a436t,test,0,0.017357714474201202,0.9737039804458618,0.42076048254966736,130
r10134c59t,test,0,0.3502582907676697,0.00022406315838452429,0.017227930948138237,28
r101af5b4t,test,0,0.3502582907676697,0.0055070724338293076,0.15415337681770325,58
r101d6690t,test,0,0.3502582907676697,0.008368123322725296,0.007929428480565548,56
r101e18b6t,test,0,0.3502582907676697,5.792907177237794e-05,0.0004777584399562329,137
r101eab0dt,test,0,0.3502582907676697,2.8366699552861974e-05,0.016334794461727142,48
r1023c21et,test,0,0.3502582907676697,0.08559981733560562,0.0007345245685428381,54
r102b4aa4t,test,0,0.3502582907676697,0.0021536683198064566,0.024636365473270416,188
r103a4f26t,test,0,0.3502582907676697,7.721295824936192e-10,0.13831114768981934,39
r104153eat,test,0,0.3502582907676697,1.784420237527229e-05,0.006578166503459215,16
r1069cdabt,test,0,0.3502582907676697,3.1792155574805747e-09,0.0029319003224372864,62
r1070b804t,test,0,0.3502582907676697,0.0019208821468055248,0.42304784059524536,117
r107730b5t,test,0,0.3502582907676697,0.0006982310442253947,0.02152794972062111,103
r1077d1f2t,test,0,0.8379258513450623,0.010189625434577465,0.31263595819473267,63
r108301e3t,test,0,0.7368101477622986,0.006979307625442743,0.09703972190618515,96
r10893508t,test,0,0.6493586897850037,4.722072844742797e-05,0.16381585597991943,60
r108ae9b6t,test,0,0.17269569635391235,0.021153392270207405,0.04472372308373451,28
r108ba35et,test,0,0.3502582907676697,2.4106808993451523e-08,0.8923441767692566,54
r10940798t,test,0,0.3502582907676697,9.413108637090772e-05,0.001385310897603631,17
r10944b31t,test,0,0.3502582907676697,0.0312979556620121,0.036347128450870514,60
r10a207det,test,0,0.24312236905097961,0.14727959036827087,0.022103212773799896,28
r10a9ca2at,test,0,0.17996783554553986,0.00012714882905129343,0.0008111553033813834,41
r10ab8058t,test,0,0.01027876976877451,1.8654325685929507e-05,0.06070006266236305,93
r10c5fc29t,test,0,0.3502582907676697,0.0012910165823996067,0.10416378825902939,30
r10cf67d1t,test,0,0.3502582907676697,2.6432449885760434e-05,0.02787959948182106,20
r10e36316t,test,0,0.3502582907676697,4.07844247263256e-09,0.4126475751399994,118
r10f2ac48t,test,0,0.6554619073867798,0.038154229521751404,0.21500954031944275,28
r10f888c2t,test,0,0.3502582907676697,1.3340006876916277e-09,0.10975416749715805,23
r1104e9e6t,test,0,0.3502582907676697,0.013622783124446869,0.004681040532886982,46
r110b4219t,test,0,0.3502582907676697,1.4535175978380721e-06,0.009209026582539082,16
r110cc74ct,test,0,0.3502582907676697,0.13093264400959015,0.12614226341247559,107
r110f894ft,test,0,0.25882282853126526,0.007992113940417767,0.003430359996855259,37
r1126b615t,test,0,0.751585066318512,0.0023509191814810038,0.5787553191184998,102
r113402d4t,test,0,0.3502582907676697,1.9542614609235898e-05,0.028243450447916985,53
r1138e1aft,test,0,0.3502582907676697,0.12474528700113297,0.0032012308947741985,120
r113b7fb4t,test,0,0.04941127821803093,0.10797841846942902,0.8085306286811829,120
r113ee9edt,test,0,0.28969448804855347,5.161224180483259e-06,0.19541466236114502,142
r1148801et,test,0,0.3502582907676697,0.12603126466274261,0.0768076628446579,47
r115c449dt,test,0,0.3502582907676697,6.590879365830915e-06,0.27840378880500793,67
r115e2464t,test,0,0.3502582907676697,2.8134306830907008e-06,0.05479259043931961,44
r116825e2t,test,0,0.08048203587532043,1.2134530891216855e-07,0.06147797033190727,47
r116ce066t,test,0,0.3502582907676697,0.0004129533772356808,0.028976652771234512,85
r116fa8b7t,test,0,0.3502582907676697,0.028757194057106972,0.37410929799079895,73
r11850456t,test,0,0.3502582907676697,2.201370534749003e-06,0.007270462345331907,11
r11865f77t,test,0,0.3502582907676697,0.0032843532972037792,0.08818500488996506,83
r11a4e1cbt,test,0,0.4119705557823181,5.965975287836045e-05,0.00023111367772798985,54
r11a5b93dt,test,0,0.09584756940603256,1.7832950049978535e-07,0.046671271324157715,99
r11a7deb7t,test,0,0.3502582907676697,0.00018064702453557402,0.03679085150361061,28
r11aa1ee3t,test,0,0.20026078820228577,3.068112346227281e-05,0.013399441726505756,123
r11b292cbt,test,0,0.3502582907676697,0.0007951497100293636,0.0102870287373662,18
r11bf0779t,test,0,0.5558128356933594,4.866944800596684e-05,0.02670832723379135,15
r11c4de0et,test,0,0.232869490981102,0.0029965629801154137,0.028419753536581993,68
r11d981d2t,test,0,0.0614350363612175,0.007932476699352264,0.4886871576309204,59
r11e134c7t,test,0,0.3217567503452301,3.0066030376474373e-07,0.02188473753631115,38
r11e26097t,test,0,0.27128708362579346,0.0013192419428378344,0.05295010283589363,49
r12133015t,test,0,0.3502582907676697,0.006542562041431665,0.0006181549397297204,30
r1218b33at,test,0,0.3502582907676697,0.0002525710151530802,0.12100103497505188,19
r121f7893t,test,0,0.3502582907676697,7.872652531659696e-06,0.02753913775086403,21
r1234de87t,test,0,0.15594029426574707,9.149916024853155e-08,0.44142621755599976,150
r123c6433t,test,0,0.3502582907676697,8.042776244110428e-06,0.02113751322031021,23
r123ca9b3t,test,0,0.3502582907676697,3.7986296774761286e-07,0.025864703580737114,153
r125034a9t,test,0,0.5299562215805054,3.64603110938333e-05,0.4754606783390045,124
r125442fat,test,0,0.3502582907676697,0.0005546289612539113,0.15634511411190033,251
r125f6e84t,test,0,0.3502582907676697,0.0015966197242960334,0.8100613355636597,42
r12638c95t,test,0,0.06764475256204605,0.004498261958360672,0.028463196009397507,178
r1267fa5bt,test,0,0.9566826820373535,0.03951343148946762,0.8794012069702148,128
r126a22b8t,test,0,0.3502582907676697,8.49078205646947e-05,0.01940440759062767,25
r127608abt,test,0,0.03886999189853668,0.8757548928260803,0.009117353707551956,64
r127d47e0t,test,0,0.1176908016204834,0.0030624556820839643,0.010305279865860939,115
r128cc6fbt,test,0,0.3502582907676697,1.2855526847488363e-06,0.02508160099387169,25
r128dfb38t,test,0,0.3502582907676697,4.8931644414551556e-05,0.017419109120965004,54
r1293f8ect,test,0,0.7562577128410339,0.00010813882545335218,0.0023670585360378027,18
r12946364t,test,0,0.3502582907676697,1.8519203877076507e-06,0.23147651553153992,62
r1297fd0bt,test,0,0.3502582907676697,0.04954562336206436,0.04153339937329292,49
r129f09b4t,test,0,0.3502582907676697,8.023534059375947e-10,0.008151504211127758,58
r129f24bet,test,0,0.3502582907676697,3.9940059650689363e-05,0.005873081274330616,44
r12a7e9b5t,test,0,0.3502582907676697,4.144125398397591e-07,0.8173485398292542,50
r12a97b08t,test,0,0.3502582907676697,0.00018646936223376542,0.03685127571225166,21
r12c1798bt,test,0,0.3502582907676697,0.0011482166592031717,0.0032904918771237135,52
r12c5f70bt,test,0,0.3502582907676697,2.236404981204032e-07,0.03390423581004143,36
r12c64de9t,test,0,0.3502582907676697,0.003052563639357686,0.053216248750686646,25
r12cbfb1et,test,0,0.3502582907676697,0.005752108991146088,0.03586013242602348,27
r12cebbd2t,test,0,0.5819807052612305,7.82218103267951e-06,0.0028515509329736233,61
r12cf98bet,test,0,0.3502582907676697,0.0007626575534231961,0.024021336808800697,48
r12d4cabat,test,0,0.0980658233165741,0.06725098192691803,0.0010333128739148378,43
r12daa983t,test,0,0.3502582907676697,1.2099535595666566e-08,0.014236906543374062,20
r12e170d4t,test,0,0.32101595401763916,1.4240292330214288e-05,0.266010582447052,69
r12ed2816t,test,0,0.5794054865837097,1.4827737686573528e-06,0.40782955288887024,55
r12f02af5t,test,0,0.11113908141851425,1.0352375623412513e-09,0.02772454358637333,150
r12f3bbfat,test,0,0.3502582907676697,0.001769990543834865,0.2152702957391739,66
r1301676dt,test,0,0.29114776849746704,0.007978565990924835,0.536994457244873,100
r13073518t,test,0,0.5846512913703918,0.14031335711479187,0.8168303370475769,91
r131a8f7et,test,0,0.3502582907676697,2.2199599698069505e-05,0.46602293848991394,134
r1322c4d6t,test,0,0.13256335258483887,6.380693662322301e-08,0.22547800838947296,101
r1328ee94t,test,0,0.3502582907676697,1.9392145134133898e-07,0.004365367349237204,30
r132d538et,test,0,0.3502582907676697,9.119909009314142e-06,0.000338587851729244,55
r133bb357t,test,0,0.3502582907676697,8.933499884733465e-06,0.20834164321422577,157
r133c5a52t,test,0,0.17850632965564728,0.9789106249809265,0.24149811267852783,30
r1344c943t,test,0,0.3502582907676697,0.0014250482199713588,0.25613513588905334,103
r13493fa3t,test,0,0.3502582907676697,2.042546111624688e-05,0.0091386204585433,13
r134ba6abt,test,0,0.3502582907676697,5.8191925944584e-08,0.005336918402463198,22
r135df877t,test,0,0.13218048214912415,0.0001910296268761158,0.02341260388493538,71
r1372056ct,test,0,0.3502582907676697,0.002884197747334838,0.6998815536499023,30
r1378de81t,test,0,0.3502582907676697,0.00022127518604975194,0.15118348598480225,49
r137bcd7at,test,0,0.3502582907676697,0.4642467796802521,0.8582751750946045,315
r137f062ft,test,0,0.6464511752128601,7.935212488519028e-05,0.14676812291145325,41
r13837601t,test,0,0.3502582907676697,1.5541676248176373e-06,0.041020333766937256,38
r138ad247t,test,0,0.3502582907676697,0.06236492097377777,0.12635979056358337,235
r138ceafbt,test,0,0.3502582907676697,8.125422937155236e-06,0.016549061983823776,40
r13907965t,test,0,0.13819454610347748,0.01617763377726078,0.0006967653171159327,66
r13928401t,test,0,0.3502582907676697,1.6693904925091374e-08,0.31086042523384094,209
r13934dc7t,test,0,0.3502582907676697,4.693737065686321e-10,0.0037486355286091566,19
r13a16a0at,test,0,0.3502582907676697,0.0445605106651783,0.0010611922480165958,59
r13a5bb6bt,test,0,0.3502582907676697,0.0001543292310088873,0.47826290130615234,96
r13a9002bt,test,0,0.2942085266113281,1.5015280041552614e-05,0.014276081696152687,37
r13ae7d1et,test,0,0.3502582907676697,1.229259305546293e-05,0.019762977957725525,115
r13b45303t,test,0,0.4507872462272644,0.023957116529345512,0.26711925864219666,140
r13b5b161t,test,0,0.3502582907676697,3.517459390423028e-07,0.816914975643158,47
r13bb381ct,test,0,0.0006896621198393404,0.00013389080413617194,0.005075864028185606,78
r13c19caft,test,0,0.22729121148586273,9.437134407264125e-10,0.12574070692062378,48
r13c7e92dt,test,0,0.3502582907676697,8.144018579514523e-07,0.010771390050649643,15
r13c85634t,test,0,0.3502582907676697,0.47347456216812134,0.12444061785936356,61
r13dab3c7t,test,0,0.3502582907676697,0.0032084514386951923,0.0016336318803951144,112
r13de1e12t,test,0,0.3541572093963623,0.002047751797363162,0.46885812282562256,193
r13e56300t,test,0,0.005936905276030302,0.49201855063438416,0.8338733911514282,118
r13f26c35t,test,0,0.4641381502151489,0.16038614511489868,0.002268472220748663,169
r13fccd2ft,test,0,0.3502582907676697,0.0010086923139169812,0.011288829147815704,67
r140f3432t,test,0,0.20041523873806,2.0704947019112296e-05,0.6180712580680847,59
r141665bdt,test,0,0.30501964688301086,5.388228146330221e-06,0.013617997989058495,115
r141669e5t,test,0,0.7581486105918884,0.9959070682525635,0.2734343409538269,68
r1419078bt,test,0,0.3502582907676697,0.05257797613739967,0.0001363693445455283,66
r141e4467t,test,0,0.3502582907676697,1.323602987213235e-07,0.03459229692816734,111
r142335f0t,test,0,0.23593972623348236,1.058161558376014e-09,0.037056371569633484,32
r1426cde6t,test,0,0.3502582907676697,0.04064750298857689,0.5299824476242065,52
r142787e2t,test,0,0.3502582907676697,0.0006512383697554469,0.010699762962758541,53
r14289905t,test,0,0.18564167618751526,6.404741270671366e-06,0.0012732167961075902,171
r142b504bt,test,0,0.015927297994494438,0.003396584652364254,0.5686174035072327,63
r144e095dt,test,0,0.3502582907676697,0.00012525553756859154,0.2140476256608963,108
r144f25eet,test,0,0.3502582907676697,3.0353832698892802e-05,0.22121764719486237,175
r145215fft,test,0,0.3502582907676697,0.009087806567549706,0.021549923345446587,65
r145221d9t,test,0,0.4641827940940857,9.779846732271835e-05,0.25882166624069214,47
r14556dabt,test,0,0.3722479045391083,0.43691179156303406,0.004206857644021511,16
r14586c63t,test,0,0.3502582907676697,6.874752580188215e-05,0.841956615447998,189
r1461e2d7t,test,0,0.3502582907676697,0.01070011593401432,0.026248516514897346,14
r146771d7t,test,0,0.9225499033927917,0.028060611337423325,0.4279511272907257,51
r1468a9e1t,test,0,0.3502582907676697,2.864022405901778e-07,0.06290654838085175,42
r14902ba4t,test,0,0.3502582907676697,0.0029939431697130203,0.07376433163881302,72
r14a51689t,test,0,0.07920976728200912,0.02222353033721447,0.23520199954509735,160
r14a595b6t,test,0,0.3502582907676697,1.9682241259033617e-07,0.18634773790836334,183
r14a9a843t,test,0,0.3502582907676697,4.596606231643818e-05,0.0523957684636116,20
r14bfe6f4t,test,0,0.05431268736720085,2.9365482987486757e-05,0.004376864060759544,73
r14c2d3fct,test,0,0.3570817708969116,0.10911054909229279,0.5797833800315857,59
r14c67ed2t,test,0,0.3502582907676697,0.0017156334361061454,0.00013649422908201814,3
r14ca1259t,test,0,0.3502582907676697,0.07814817875623703,0.13697047531604767,133
r14dd8f91t,test,0,0.3502582907676697,0.0008917437517084181,0.003221051301807165,106
r14df59fet,test,0,0.2580217719078064,0.015897752717137337,0.016927095130085945,43
r14f241e4t,test,0,0.3502582907676697,0.0014662209432572126,0.025276364758610725,26
r150058a4t,test,0,0.3502582907676697,0.003066454781219363,0.02259698323905468,82
r15028ceft,test,0,0.08172574639320374,0.961569607257843,0.03475925326347351,62
r150b1b51t,test,0,0.3502582907676697,0.00046992115676403046,0.008593692444264889,6
r15199ae3t,test,0,0.2096027284860611,0.10840646922588348,0.7513883709907532,117
r152d9ff5t,test,0,0.3502582907676697,1.8754168706891505e-07,0.054356664419174194,39
r15499cd8t,test,0,0.3502582907676697,4.1901668737409636e-05,0.0005823141545988619,40
r154d7294t,test,0,0.9049164652824402,2.373430470470339e-05,0.04642154276371002,61
r1554cfadt,test,0,0.3502582907676697,5.244603329401798e-08,0.003366316668689251,38
r155fe1fat,test,0,0.3502582907676697,0.0008532062056474388,0.03048560954630375,186
r1565a7e7t,test,0,0.3502582907676697,2.0604550172720337e-06,0.03749601170420647,95
r1567e512t,test,0,0.3502582907676697,8.136769480415751e-08,0.0022967567201703787,31
r1570dd6at,test,0,0.3502582907676697,1.3170246226934523e-08,0.09329376369714737,100
r1580c37ft,test,0,0.3502582907676697,0.0012654808815568686,0.000744818476960063,36
r15885978t,test,0,0.3502582907676697,0.01787169836461544,0.059029147028923035,39
r15919202t,test,0,0.3502582907676697,3.2344853906352e-08,0.014539103955030441,32
r1594b4b3t,test,0,0.04919310286641121,4.287662136448489e-08,0.03346724435687065,75
r159d3942t,test,0,0.3502582907676697,2.0357165340101346e-05,0.03536686301231384,40
r15a0b476t,test,0,0.34927570819854736,6.15643557466683e-07,0.0009749519522301853,74
r15ab6ac6t,test,0,0.18233276903629303,0.001805927837267518,0.10565262287855148,86
r15c91802t,test,0,0.3502582907676697,2.7279625669507368e-08,0.008255908265709877,29
r15d1c836t,test,0,0.023172184824943542,9.234595381713007e-06,0.7997143268585205,130
r15dcfacct,test,0,0.30798304080963135,0.06025947630405426,0.12133878469467163,111
r15dfc1b8t,test,0,0.3502582907676697,0.012974507175385952,0.11137504875659943,57
r15eef8b9t,test,0,0.3502582907676697,0.5521504878997803,0.005148757714778185,148
r15efd876t,test,0,0.3502582907676697,8.370594878215343e-05,0.09337896853685379,113
r15f07f9dt,test,0,0.3502582907676697,4.1318686271551996e-05,0.14566653966903687,17
r15f16465t,test,0,0.3502582907676697,0.3948827385902405,0.01815112493932247,93
r1602555bt,test,0,0.3502582907676697,3.574585934984498e-05,0.0015102855395525694,20
r16113cc8t,test,0,0.0031180514488369226,9.626699466025457e-06,0.014199347235262394,87
r16144fa2t,test,0,0.3502582907676697,4.7549463488394395e-05,0.01258532889187336,15
r1618da9dt,test,0,0.02743239887058735,0.007515438832342625,0.9026167988777161,59
r16192cf0t,test,0,0.07821745425462723,0.00014532989007420838,0.003394964849576354,48
r162b2209t,test,0,0.1359819918870926,0.00014645948249381036,0.3610273599624634,41
r163317d6t,test,0,0.3502582907676697,0.0005669699748978019,0.006515664979815483,35
r163967d4t,test,0,0.47066017985343933,0.00018223989172838628,0.0021382479462772608,78
r1639a65ct,test,0,0.343553751707077,3.159177504130639e-05,0.12344726175069809,137
r16422663t,test,0,0.3502582907676697,6.677465336224486e-08,0.016288848593831062,48
r1644d874t,test,0,0.3502582907676697,0.002447937848046422,0.005444441922008991,80
r1645a09ct,test,0,0.3502582907676697,0.06082255020737648,0.11497581750154495,120
r164c1e13t,test,0,0.3502582907676697,2.747219150478486e-05,0.09935256093740463,112
r16509308t,test,0,0.3502582907676697,0.0001409698888892308,0.004386936780065298,55
r165355c0t,test,0,0.013014891184866428,0.016886454075574875,0.2348504513502121,69
r1655a008t,test,0,0.3502582907676697,3.42352876714358e-07,0.6548669934272766,46
r165fbf4ft,test,0,0.0008766401442699134,0.000669877917971462,0.003627150785177946,67
r1661f358t,test,0,0.3502582907676697,0.00021364071290008724,0.0007336605922318995,6
r16654024t,test,0,0.3502582907676697,0.006738533731549978,0.017410675063729286,56
r16698b6et,test,0,0.3502582907676697,0.0008427771972492337,0.0006744671263732016,19
r1683028at,test,0,0.3502582907676697,0.0001320583396591246,0.08197534084320068,135
r1694427et,test,0,0.3502582907676697,0.0002629734226502478,0.05117189139127731,16
r169a9b07t,test,0,0.3502582907676697,0.010171117261052132,0.0007249811897054315,82
r169c7350t,test,0,0.3502582907676697,4.657792942452943e-06,0.20616663992404938,45
r169f694ft,test,0,0.3502582907676697,0.00032134982757270336,0.006167971529066563,25
r16a02a12t,test,0,0.3502582907676697,2.0929001038894057e-06,0.010322335176169872,13
r16d46fa3t,test,0,0.8880234956741333,0.0021454980596899986,0.6283116340637207,145
r16d6c35dt,test,0,0.12764275074005127,4.835786739931791e-07,0.02253202721476555,89
r16da5576t,test,0,0.6247268915176392,0.016666805371642113,0.028310531750321388,71
r16dca6f2t,test,0,0.3502582907676697,8.435492418357171e-06,0.023094620555639267,52
r16ea6386t,test,0,0.3502582907676697,0.030214326456189156,0.2537902295589447,202
r170632f5t,test,0,0.03352249786257744,4.1493794924463145e-06,0.2572597563266754,53
r170b020bt,test,0,0.3502582907676697,2.905313856160774e-08,0.0016097381012514234,99
r170df29ct,test,0,0.3502582907676697,0.5784801840782166,0.7323882579803467,62
r1717ae55t,test,0,0.4410208761692047,0.04401632398366928,0.795268177986145,142
r171d73aat,test,0,0.3502582907676697,1.0280097740178462e-05,0.0027308808639645576,39
r171eeaf8t,test,0,0.3502582907676697,2.8724449485650894e-09,0.0001541361416457221,41
r17217693t,test,0,0.3502582907676697,0.0008237725705839694,0.019854014739394188,57
r17228bbdt,test,0,0.3502582907676697,1.0550056686042808e-05,0.15401281416416168,100
r173ee7e8t,test,0,0.3502582907676697,0.05313757434487343,0.2503003180027008,106
r1743fb6bt,test,0,0.08383363485336304,0.009785705246031284,0.13819319009780884,45
r17492cd5t,test,0,0.3502582907676697,0.0007700194837525487,0.06583821773529053,82
r175da907t,test,0,0.3502582907676697,1.812484924812452e-06,0.3016092777252197,89
r17754c77t,test,0,0.3502582907676697,7.972815865286975e-07,0.04586014151573181,111
r177dd68et,test,0,0.3502582907676697,4.377351814355279e-08,0.010083531029522419,105
r177fb9f1t,test,0,0.3502582907676697,6.229858627193607e-06,0.6121680736541748,144
r179bb406t,test,0,0.3502582907676697,8.215315756388009e-05,0.10487675666809082,27
r179ec4e8t,test,0,0.3502582907676697,1.6472018193880444e-09,0.7292912602424622,37
r179ed8d7t,test,0,0.279916375875473,6.146146188257262e-05,0.0005462077679112554,100
r17ad56act,test,0,0.3502582907676697,0.00015567879017908126,0.0035204715095460415,12
r17afaaa1t,test,0,0.9883902072906494,0.0046667614951729774,0.05998445302248001,139
r17b2f789t,test,0,0.3502582907676697,1.3725945791520644e-05,4.1183677240042016e-05,49
r17b873bct,test,0,0.3502582907676697,3.952421138819773e-06,0.0036982307210564613,106
r17c76042t,test,0,0.3502582907676697,3.181103735983015e-08,0.0007830891408957541,10
r17d11b3at,test,0,0.3502582907676697,1.1670855201373342e-05,0.8875575065612793,43
r17f60607t,test,0,0.3502582907676697,3.729164532728646e-09,0.0019689295440912247,74
r17fe8532t,test,0,0.22712960839271545,3.1976719583326485e-07,0.09413561969995499,97
r1800ab47t,test,0,0.3502582907676697,0.05029952898621559,0.012042973190546036,14
r180a7062t,test,0,0.21198327839374542,0.9557511806488037,0.2111237347126007,69
r180bcbd7t,test,0,0.3174649477005005,0.9964117407798767,0.4589311182498932,140
r1810ba7at,test,0,0.3500134348869324,0.04809284582734108,0.15749210119247437,67
r181768b7t,test,0,0.048386916518211365,5.839450523126288e-07,0.04667838290333748,169
r181d64eat,test,0,0.3502582907676697,8.331521144100407e-07,0.012859182432293892,69
r181dd93dt,test,0,0.02544334903359413,0.16875115036964417,0.040334805846214294,179
r1824034et,test,0,0.3502582907676697,9.628874977352098e-06,0.024483000859618187,16
r1828d94at,test,0,0.21928468346595764,0.7966254949569702,0.6218748688697815,131
r182ed662t,test,0,0.3502582907676697,0.06520362198352814,0.026992276310920715,30
r18302db2t,test,0,0.3502582907676697,0.5517445206642151,0.002031517680734396,32
r18393aeet,test,0,0.37575289607048035,1.4613561688747723e-05,0.011781706474721432,9
r184f08dat,test,0,0.01907184161245823,0.0005179622094146907,0.0002287855022586882,87
r185929e9t,test,0,0.3502582907676697,4.069783244631253e-06,0.7408263683319092,59
r1866b73at,test,0,0.3502582907676697,0.043044231832027435,0.021287303417921066,68
r186c09e4t,test,0,0.3502582907676697,1.006565710781615e-07,0.04024319723248482,25
r18791531t,test,0,0.3502582907676697,2.012854201893788e-05,0.0018540775636211038,17
r18798194t,test,0,0.3502582907676697,2.4176169972633943e-06,0.005522135179489851,44
r187df69ft,test,0,0.3502582907676697,0.09808458387851715,0.050682831555604935,50
r1882b6e6t,test,0,0.3502582907676697,0.006937770172953606,0.0007352402899414301,39
r1889220ft,test,0,0.3502582907676697,0.06814275681972504,0.0023513776250183582,12
r188eb234t,test,0,0.3502582907676697,5.690378657163819e-07,0.05827684700489044,85
r18990432t,test,0,0.025829583406448364,0.6729576587677002,0.7207133769989014,136
r189be0d8t,test,0,0.3502582907676697,6.662707505711296e-07,0.0058790952898561954,23
r18ce12dct,test,0,0.3502582907676697,0.09427781403064728,0.002623284235596657,94
r18d1abact,test,0,0.01890859380364418,0.16781693696975708,0.48024338483810425,48
r18d72ab2t,test,0,0.3502582907676697,9.382593998452649e-05,0.04533637687563896,55
r18d866e1t,test,0,0.3502582907676697,0.0001245609309989959,0.029412850737571716,46
r18d9feeat,test,0,0.3502582907676697,0.0013308471534401178,0.002044433495029807,108
r18e0516bt,test,0,0.3502582907676697,0.33825936913490295,0.12657110393047333,30
r18ea00c8t,test,0,0.3502582907676697,2.9656925448762195e-07,0.0016051639104261994,24
r18fafe10t,test,0,0.060586683452129364,0.014819585718214512,0.9036409258842468,106
r1900f7c7t,test,0,0.3502582907676697,0.001432070042937994,0.008104700595140457,19
r1904147dt,test,0,0.3502582907676697,1.2341047295194585e-06,0.010579069145023823,48
r191488c6t,test,0,0.043214429169893265,8.919496394810267e-06,0.016935797408223152,33
r1915909et,test,0,0.03598411753773689,0.00021365273278206587,0.0057680183090269566,58
r19183258t,test,0,0.3502582907676697,0.4974627196788788,0.0034423754550516605,20
r191f3cdet,test,0,0.3502582907676697,0.0027293632738292217,0.05284229293465614,73
r192ae577t,test,0,0.3502582907676697,1.6076716065072105e-06,0.001181693864054978,29
r1934e29ft,test,0,0.14308536052703857,0.017627965658903122,0.07045687735080719,31
r193b12aet,test,0,0.3502582907676697,1.899444583841614e-07,0.03161008283495903,15
r194c49f5t,test,0,0.3502582907676697,0.2976136803627014,0.9659608602523804,52
r195a5f44t,test,0,0.09207871556282043,1.4703628536949509e-08,0.8290170431137085,126
r195f12adt,test,0,0.3502582907676697,4.9871598406525663e-08,0.01769481785595417,85
r197770adt,test,0,0.3502582907676697,1.584665056952872e-07,0.002078778576105833,10
r19835fbft,test,0,0.3502582907676697,0.2514035403728485,0.2882143259048462,131
r1986e42bt,test,0,0.3502582907676697,5.254736947790661e-07,0.007148679345846176,113
r198ae140t,test,0,0.5263999700546265,0.5642188787460327,0.3311843276023865,60
r198ea6a5t,test,0,0.24273748695850372,1.4751817822844515e-10,0.06736504286527634,220
r19924edft,test,0,0.3502582907676697,1.2964601410203613e-05,0.07169312983751297,115
r19b49f2ct,test,0,0.24824468791484833,0.37950819730758667,0.033655088394880295,141
r19ba7288t,test,0,0.7717714905738831,0.012110992334783077,0.8608055710792542,93
r19be5c05t,test,0,0.18471205234527588,0.4260103106498718,0.024031925946474075,66
r19c9183at,test,0,0.3502582907676697,0.8103542923927307,0.014241685159504414,16
r19d47beft,test,0,0.3502582907676697,3.7831701774848625e-05,0.1392926126718521,20
r19d72b0ct,test,0,0.3502582907676697,0.09830987453460693,0.06920517235994339,79
r19d92967t,test,0,0.3502582907676697,0.001590642728842795,0.048116300255060196,24
r19fe3107t,test,0,0.3502582907676697,0.00615466246381402,0.027305830270051956,12
r1a020c3ft,test,0,0.3502582907676697,0.00014303177886176854,0.0050186398439109325,74
r1a07dd25t,test,0,0.3502582907676697,7.061839278321713e-05,0.0002496977394912392,15
r1a0968bft,test,0,0.06387909501791,0.33665168285369873,0.008143875747919083,38
r1a0f5585t,test,0,0.3502582907676697,0.0001703390444163233,0.7838519215583801,55
r1a11b3c0t,test,0,0.5000452399253845,4.928784983349033e-05,0.3385588824748993,84
r1a170ddbt,test,0,0.3502582907676697,0.008827916346490383,0.015032218769192696,53
r1a1d24b2t,test,0,0.3502582907676697,0.009804649278521538,0.0007678066031076014,13
r1a1d7e72t,test,0,0.3502582907676697,0.0013461264315992594,0.7989718914031982,135
r1a2095b2t,test,0,0.3502582907676697,0.10224240273237228,0.010711085051298141,29
r1a28d44bt,test,0,0.41031384468078613,0.002077121287584305,0.021568691357970238,36
r1a2d8b02t,test,0,0.3502582907676697,1.0575099622656126e-05,0.08640044182538986,61
r1a343192t,test,0,0.4255606234073639,0.9984694123268127,0.004246280528604984,89
r1a4651edt,test,0,0.3502582907676697,1.5039894378787722e-06,0.0055227139964699745,80
r1a485a99t,test,0,0.3502582907676697,5.953753770882031e-06,0.11190851032733917,108
r1a499b96t,test,0,0.3502582907676697,0.0005669327219948173,0.002913025440648198,16
r1a57cb29t,test,0,0.3502582907676697,1.3799877685016781e-08,0.007889495231211185,39
r1a5903fct,test,0,0.3502582907676697,0.21228592097759247,0.0857512578368187,15
r1a60a2bdt,test,0,0.3502582907676697,0.02223922871053219,0.06966433674097061,24
r1a711e27t,test,0,0.3502582907676697,0.0006509480299428105,0.008239362388849258,13
r1a7346d0t,test,0,0.3502582907676697,0.0022816520649939775,0.13076095283031464,23
r1a7b8c42t,test,0,0.3502582907676697,4.582027031574398e-06,0.030408941209316254,64
r1a7bb1d6t,test,0,0.3502582907676697,0.0028412381652742624,0.003378740744665265,12
r1a7e4791t,test,0,0.054338954389095306,0.09323161095380783,0.013480749912559986,44
r1a7feb2bt,test,0,0.5434033274650574,1.5131986774719053e-09,0.07437404245138168,8
r1a845144t,test,0,0.044446393847465515,0.00018606123921927065,0.22282056510448456,20
r1a877849t,test,0,0.1301165521144867,3.454924444667995e-05,0.01949341408908367,94
r1a8d7a86t,test,0,0.3502582907676697,4.593011340148223e-07,0.11921233683824539,30
r1a8ee526t,test,0,0.3502582907676697,0.9999681711196899,0.25753310322761536,47
r1a8fe570t,test,0,0.44602978229522705,0.005905416794121265,0.17689631879329681,45
r1a91c337t,test,0,0.3502582907676697,1.5574734106849064e-06,0.03640008717775345,17
r1a9783cdt,test,0,0.3502582907676697,5.109294215799309e-05,0.03419851139187813,94
r1a9acd94t,test,0,0.3502582907676697,1.2371945103950566e-06,0.005484439432621002,45
r1a9de6e9t,test,0,0.3502582907676697,0.014757121913135052,0.0005702042835764587,137
r1aa43470t,test,0,0.3502582907676697,0.9985176920890808,0.003560468088835478,16
r1aa4cc99t,test,0,0.3502582907676697,8.670066886651284e-10,0.0008140582940541208,43
r1aa4db16t,test,0,0.3502582907676697,6.891214434290305e-05,0.00395124452188611,21
r1aa53167t,test,0,0.3502582907676697,0.056991495192050934,0.025526827201247215,24
r1aa63558t,test,0,0.3502582907676697,0.000620392500422895,0.027576418593525887,78
r1aa7459at,test,0,0.3502582907676697,6.235029559320537e-06,0.07348861545324326,19
r1ab0bb20t,test,0,0.3502582907676697,1.4627469226979883e-06,0.7327558994293213,44
r1ab1679et,test,0,0.3502582907676697,0.0032524142879992723,0.1526217758655548,101
r1ad2de34t,test,0,0.3502582907676697,0.0021481458097696304,0.20094622671604156,141
r1ad3fa6dt,test,0,0.3502582907676697,0.7780089974403381,0.12236443161964417,108
r1ad9cd64t,test,0,0.3502582907676697,0.5462052226066589,0.004221284296363592,17
r1ae12b3ft,test,0,0.900041937828064,0.5066615343093872,0.42618611454963684,85
r1aef663et,test,0,0.3502582907676697,0.00012450534268282354,0.709541916847229,106
r1af60295t,test,0,0.3502582907676697,0.08267345279455185,0.002595253987237811,93
r1b09da9ct,test,0,0.06872909516096115,6.953808770049363e-05,0.32356682419776917,69
r1b106abdt,test,0,0.3502582907676697,6.484983714472037e-07,0.02026662603020668,45
r1b165d45t,test,0,0.37378373742103577,8.308151336677838e-06,0.7593318819999695,89
r1b177fe1t,test,0,0.3502582907676697,9.509157280263025e-06,0.6667455434799194,16
r1b17f0f0t,test,0,0.3502582907676697,0.0421425886452198,0.6046528220176697,47
r1b1c1019t,test,0,0.3502582907676697,6.212634616531432e-05,0.0026636244729161263,130
r1b262b72t,test,0,0.3502582907676697,9.470824124946375e-07,0.0024936445988714695,14
r1b2765ebt,test,0,0.16064873337745667,0.9310478568077087,0.62628573179245,68
r1b32a6bct,test,0,0.3502582907676697,1.4266484868130647e-05,0.7356885075569153,33
r1b4e82c4t,test,0,0.15313924849033356,0.09079809486865997,0.016222301870584488,47
r1b547547t,test,0,0.3502582907676697,0.6701182126998901,0.09223230183124542,45
r1b57dbb2t,test,0,0.3502582907676697,2.349146961933002e-05,0.05334731563925743,39
r1b61c7b1t,test,0,0.3502582907676697,1.2371945103950566e-06,0.005484439432621002,45
r1b6c1adbt,test,0,0.0035806456580758095,3.0446270216089033e-07,0.0018725742120295763,159
r1b790721t,test,0,0.3502582907676697,0.0020855602342635393,0.32748115062713623,79
r1b8b1b14t,test,0,0.3502582907676697,0.06564334034919739,0.050026170909404755,72
r1b9e9917t,test,0,0.3502582907676697,0.0008009871235117316,0.006411238107830286,18
r1baf2ce0t,test,0,0.3502582907676697,5.6337979913223535e-05,0.00037188708665780723,66
r1bc23d6et,test,0,0.26474785804748535,1.6748377674957737e-05,0.02592048980295658,23
r1bc355f2t,test,0,0.3502582907676697,2.309247406628856e-07,0.023437604308128357,23
r1bc3a653t,test,0,0.3502582907676697,0.0003837508265860379,0.002432076493278146,24
r1bc3dd23t,test,0,0.3502582907676697,0.0006873052334412932,0.006011429242789745,21
r1bc4e4act,test,0,0.3502582907676697,0.002673175185918808,0.7186227440834045,44
r1bc92a89t,test,0,0.19491344690322876,1.771823576746101e-09,0.05282143875956535,70
r1bca2388t,test,0,0.24521023035049438,0.5136706233024597,0.0017168753547593951,56
r1bcfab73t,test,0,0.3502582907676697,4.5724686060566455e-05,0.13065028190612793,23
r1bd70210t,test,0,0.28050175309181213,0.0009051199886016548,0.0934896469116211,58
r1bdb6385t,test,0,0.3502582907676697,0.01589123159646988,0.02404884807765484,192
r1bddecd6t,test,0,0.8912582397460938,0.9993840456008911,0.34459519386291504,153
r1be2a3d5t,test,0,0.9579200148582458,0.03283551707863808,0.9905869364738464,121
r1be4943bt,test,0,0.18759898841381073,0.6579503417015076,0.016377272084355354,172
r1bf00696t,test,0,0.3502582907676697,0.0006077129510231316,0.7928351163864136,151
r1bf4e594t,test,0,0.03968546539545059,2.3023295625534956e-07,0.0012760909739881754,71
r1bf7ff83t,test,0,0.3502582907676697,0.0015504859620705247,0.04993937164545059,21
r1bfbaab3t,test,0,0.3502582907676697,0.00625598756596446,0.7983201146125793,102
r1c028de8t,test,0,0.6399286389350891,5.945816639041368e-08,0.17016877233982086,247
r1c070921t,test,0,0.3502582907676697,0.32578644156455994,0.0971795916557312,101
r1c09b002t,test,0,0.3502582907676697,0.00010807150101754814,0.042765550315380096,28
r1c146589t,test,0,0.13460685312747955,2.0522634258668404e-06,0.6782155632972717,26
r1c1e3ec9t,test,0,0.3502582907676697,1.4299802387540694e-05,0.009332205168902874,20
r1c1fef8ft,test,0,0.3502582907676697,2.0015153978647504e-08,0.0364835262298584,56
r1c23e440t,test,0,0.00130460353102535,0.6858005523681641,0.00032237102277576923,27
r1c243af7t,test,0,0.3502582907676697,0.04901641234755516,0.012402968481183052,13
r1c24a571t,test,0,0.3502582907676697,0.7476074695587158,0.5652037858963013,62
r1c2ac865t,test,0,0.3502582907676697,2.2638535028818296e-06,0.12323535978794098,35
r1c31a90bt,test,0,0.3502582907676697,0.00010258979455102235,0.018987422809004784,149
r1c402787t,test,0,0.3502582907676697,0.00011991146311629564,0.048031438142061234,43
r1c4ae120t,test,0,0.34910640120506287,0.0013893181458115578,0.0024212466087192297,12
r1c4d4720t,test,0,0.3502582907676697,0.7656156420707703,0.07740974426269531,52
r1c4deb71t,test,0,0.3502582907676697,0.0030259327031672,0.0014803205849602818,36
r1c4e6a62t,test,0,0.381697416305542,0.008441874757409096,0.09204831719398499,83
r1c56a2bct,test,0,0.3502582907676697,0.08161228150129318,0.000508199620526284,1
r1c5a4928t,test,0,0.3502582907676697,0.13008517026901245,0.9281319379806519,87
r1c5ec853t,test,0,0.03911532089114189,0.01292642205953598,0.0668703243136406,127
r1c6377bat,test,0,0.3502582907676697,1.3835224876856955e-07,0.2637905478477478,54
r1c6b4a23t,test,0,0.3502582907676697,7.741002718830714e-07,0.010572743602097034,38
r1c717a46t,test,0,0.18462428450584412,0.023924080654978752,0.03689469397068024,100
r1c83ec1dt,test,0,0.3502582907676697,3.895042866020049e-08,0.0006663696840405464,42
r1c874ac4t,test,0,0.3502582907676697,0.17762260138988495,0.09447669237852097,33
r1c99500bt,test,0,0.2825380563735962,1.907644930909669e-09,0.12583281099796295,60
r1c9fc42at,test,0,0.1788572072982788,1.5392020941362716e-05,0.19240620732307434,194
r1c9fdcf4t,test,0,0.3502582907676697,0.003624966600909829,0.0037372251972556114,41
r1ca0784dt,test,0,0.3502582907676697,4.37156359112123e-06,0.12725545465946198,106
r1ca254b2t,test,0,0.3502582907676697,4.425806400831789e-05,0.0006036504055373371,31
r1ca2ef38t,test,0,0.2659466564655304,0.30409297347068787,0.06409528851509094,33
r1ca5a385t,test,0,0.060926586389541626,0.7691087126731873,0.0062609282322227955,71
r1ca6cc12t,test,0,0.1800939291715622,0.9914299845695496,0.8958061933517456,84
r1cad9823t,test,0,0.3502582907676697,0.022445719689130783,0.1170545145869255,36
r1cb7084et,test,0,0.10247620940208435,0.00020553184731397778,0.04057957977056503,60
r1cc04f4ft,test,0,0.3502582907676697,2.0556717572617345e-06,0.015180676244199276,47
r1cc0e4e1t,test,0,0.11739405989646912,0.7475240230560303,0.010076398961246014,34
r1cd8d9a4t,test,0,0.3533375561237335,2.1209913029451855e-05,0.3792279362678528,68
r1cde4afbt,test,0,0.3502582907676697,0.41051793098449707,0.0055966745130717754,59
r1ceba29dt,test,0,0.3502582907676697,0.025042656809091568,0.005824386142194271,28
r1ced1907t,test,0,0.3502582907676697,0.0005181032465770841,0.017277386039495468,44
r1cfc8ddat,test,0,0.3502582907676697,0.008608244359493256,0.00045728738768957555,1
r1cfe520bt,test,0,0.37700745463371277,8.510690349794459e-06,0.010660967789590359,30
r1d00d8ect,test,0,0.3502582907676697,0.002090434543788433,0.06021794676780701,25
r1d1445b6t,test,0,0.3502582907676697,0.00016904881340451539,0.0009040943696163595,83
r1d16ad1et,test,0,0.3502582907676697,0.0015301053645089269,0.0851745679974556,103
r1d1cf607t,test,0,0.3502582907676697,0.12558726966381073,0.09608995914459229,78
r1d1d501et,test,0,0.2127646952867508,1.9296471975849272e-07,0.027023207396268845,40
r1d2bb70at,test,0,0.8417463898658752,0.0014532722998410463,0.6569658517837524,103
r1d3bc675t,test,0,0.3502582907676697,4.108387935408686e-11,0.07214830070734024,26
r1d431afft,test,0,0.3502582907676697,0.007172133307904005,0.6248323321342468,68
r1d4377f7t,test,0,0.3502582907676697,1.2215605238452554e-05,0.0029661180451512337,21
r1d47bfc2t,test,0,0.3502582907676697,1.493323998147389e-05,0.01698397472500801,83
r1d527f65t,test,0,0.3502582907676697,0.00028147289413027465,0.05078805238008499,41
r1d53fccat,test,0,0.407244473695755,1.7478625125022518e-07,0.23121888935565948,111
r1d679eaet,test,0,0.04653789848089218,1.1498127605591435e-05,0.031296517699956894,116
r1d6e15d3t,test,0,0.09377602487802505,0.0024697009939700365,0.0018031304934993386,48
r1d79b6e7t,test,0,0.3377978205680847,0.00023639376740902662,0.018404053524136543,165
r1d93553ct,test,0,0.1020573228597641,0.16641667485237122,0.04870954155921936,119
r1d99d1f3t,test,0,0.3502582907676697,0.026628993451595306,0.04034432768821716,33
r1d9a31fct,test,0,0.3502582907676697,0.3212498128414154,0.17335116863250732,49
r1d9eaf70t,test,0,0.3502582907676697,0.0001342489995295182,0.0006163785001263022,15
r1da851e4t,test,0,0.3502582907676697,7.502659718738869e-05,0.005861152429133654,49
r1db1c478t,test,0,0.3502582907676697,0.3103007376194,0.7145681977272034,129
r1db2847et,test,0,0.3502582907676697,7.836673034944397e-07,0.051842693239450455,10
r1db351a2t,test,0,0.3502582907676697,0.0049694073386490345,0.007406595628708601,24
r1db5be20t,test,0,0.3502582907676697,4.256506872479804e-05,0.025241628289222717,154
r1db61cf8t,test,0,0.3502582907676697,5.1091868954245e-05,0.006389979738742113,150
r1dbe1b11t,test,0,0.3502582907676697,0.0022401120513677597,0.17397134006023407,38
r1dbef145t,test,0,0.3502582907676697,0.0023865257389843464,0.020085016265511513,20
r1dc4077at,test,0,0.3502582907676697,0.002927437424659729,0.012937081046402454,34
r1dd998dft,test,0,0.012675000354647636,2.6118786990991794e-06,0.00977912824600935,124
r1dd9d6bft,test,0,0.10265668481588364,0.000559405074454844,0.1988009214401245,55
r1ddc0c98t,test,0,0.3502582907676697,3.0607893677370157e-06,0.07866331934928894,138
r1de108dft,test,0,0.3502582907676697,0.06005314365029335,0.6920781135559082,285
r1de76a54t,test,0,0.3502582907676697,0.19206970930099487,0.02048306353390217,48
r1dea56e5t,test,0,0.3502582907676697,0.9048343300819397,0.01256571151316166,107
r1df374c1t,test,0,0.7716717720031738,1.899868803945104e-11,0.005150090903043747,28
r1e14f45ct,test,0,0.3502582907676697,0.011617892421782017,0.026952335610985756,153
r1e251abet,test,0,0.3502582907676697,2.1379516965680523e-06,0.17561045289039612,66
r1e3303ebt,test,0,0.046323467046022415,0.0014052973128855228,0.006285171490162611,176
r1e367d35t,test,0,0.4439453184604645,0.0028749776538461447,0.052067115902900696,71
r1e3b4cdft,test,0,0.7547380328178406,5.9415059538991954e-09,0.005502485670149326,15
r1e504ebbt,test,0,0.9287835955619812,0.96989506483078,0.07595647871494293,16
r1e52a39dt,test,0,0.3502582907676697,0.0004051313444506377,0.8504595160484314,115
r1e56884ft,test,0,0.3502582907676697,2.7785938527813414e-07,0.02929697185754776,19
r1e5c27c1t,test,0,0.37308046221733093,0.014616946689784527,0.6219248175621033,113
r1e698e5dt,test,0,0.3191390633583069,0.0012793426867574453,0.017318937927484512,142
r1e69b067t,test,0,0.3502582907676697,9.086867862606596e-07,0.019843075424432755,35
r1e7987b3t,test,0,0.14543713629245758,4.080156301711213e-08,6.212759035406634e-05,54
r1e79c6f9t,test,0,0.3502582907676697,0.9790021181106567,0.03304464742541313,10
r1e8acc5ct,test,0,0.07546835392713547,0.0006550417747348547,0.16109614074230194,58
r1e8e493ct,test,0,0.3502582907676697,4.312612134071969e-08,0.005144572351127863,26
r1e9082f9t,test,0,0.23375482857227325,0.005438413470983505,0.0023601390421390533,87
r1e9ae164t,test,0,0.3502582907676697,0.8259629011154175,0.01239769533276558,139
r1e9c8a5dt,test,0,0.7771509289741516,1.0826858670043293e-05,0.1489361822605133,138
r1ea13eb4t,test,0,0.533999502658844,0.008706280030310154,0.001668813987635076,5
r1ea8ccbbt,test,0,0.6685483455657959,0.0004417354066390544,0.8468374013900757,112
r1eaa5d42t,test,0,0.3502582907676697,1.3294338714331388e-05,0.009626217186450958,75
r1ead3024t,test,0,0.3502582907676697,3.620925497216376e-07,0.26558005809783936,140
r1ebee709t,test,0,0.3502582907676697,0.23437842726707458,0.021816585212945938,15
r1ec70fd3t,test,0,0.15346726775169373,0.007366850506514311,0.0002756344329100102,25
r1ee65904t,test,0,0.3502582907676697,0.01444139052182436,0.009046356193721294,32
r1ee6f90et,test,0,0.3502582907676697,0.8112566471099854,0.10756406933069229,103
r1ef15cb3t,test,0,0.3502582907676697,0.28333038091659546,0.011879684403538704,74
r1ef16e0dt,test,0,0.2669490575790405,0.14934863150119781,0.2704046368598938,133
r1ef8b85ft,test,0,0.9148396849632263,0.017265133559703827,0.3532966375350952,117
r1efcf847t,test,0,0.3502582907676697,8.852652655377824e-08,0.000714713241904974,145
r1eff17eft,test,0,0.3502582907676697,1.5699343975938973e-06,0.13059592247009277,101
r1f06581bt,test,0,0.3502582907676697,1.8872287910198793e-05,0.10587640851736069,78
r1f1178cet,test,0,0.3502582907676697,0.040680140256881714,0.00314906588755548,23
r1f11809bt,test,0,0.1329713612794876,0.887437641620636,0.4402273893356323,81
r1f16e2abt,test,0,0.00959046557545662,0.013246092014014721,0.0005194843397475779,86
r1f1a3258t,test,0,0.3502582907676697,1.1020348210877273e-05,0.012850306928157806,20
r1f1a9df4t,test,0,0.3502582907676697,9.689227908893372e-08,0.005905036814510822,8
r1f20d8b5t,test,0,0.027123140171170235,0.0027747657150030136,0.008840525522828102,119
r1f23f4ddt,test,0,0.3502582907676697,0.8832539319992065,0.027786636725068092,28
r1f2c2acft,test,0,0.3502582907676697,0.0006163911311887205,0.09823335707187653,27
r1f2f31e2t,test,0,0.3502582907676697,8.038313353608828e-06,0.7522883415222168,70
r1f3e6681t,test,0,0.34252679347991943,0.018939442932605743,0.05429479852318764,27
r1f40decct,test,0,0.3502582907676697,5.245486681815237e-05,0.0030380012467503548,10
r1f446078t,test,0,0.4402524530887604,2.164769057344529e-06,0.004799943417310715,12
r1f48d12dt,test,0,0.3502582907676697,1.9522364169688444e-08,0.07545081526041031,54
r1f4a44a7t,test,0,0.3502582907676697,4.796902067027986e-05,0.13924312591552734,69
r1f4f8a51t,test,0,0.6309224963188171,0.008185881190001965,0.002619797131046653,17
r1f5ad4e0t,test,0,0.15661239624023438,3.0936431194561465e-10,0.0558868832886219,97
r1f5c8451t,test,0,0.3502582907676697,0.0004549269506242126,0.09157393127679825,17
